Date,country_region,retail_recreation_change,grocery_pharmacy_change,parks_change,transit_change,workplaces_change,residential_change
2020-03-01,United Arab Emirates,3.0,10.0,2.0,-1.0,4.0,1.0
2020-03-02,United Arab Emirates,0.0,7.0,1.0,-2.0,4.0,1.0
2020-03-03,United Arab Emirates,0.0,6.0,0.0,-5.0,4.0,1.0
2020-03-04,United Arab Emirates,-1.0,7.0,-2.0,-5.0,3.0,2.0
2020-03-05,United Arab Emirates,-3.0,6.0,-2.0,-5.0,3.0,2.0
2020-03-06,United Arab Emirates,-7.0,5.0,-8.0,-9.0,0.0,3.0
2020-03-07,United Arab Emirates,-3.0,6.0,1.0,-8.0,4.0,2.0
2020-03-08,United Arab Emirates,1.0,8.0,6.0,-9.0,-1.0,3.0
2020-03-09,United Arab Emirates,-3.0,4.0,4.0,-10.0,-1.0,4.0
2020-03-10,United Arab Emirates,-4.0,6.0,3.0,-11.0,-2.0,4.0
2020-03-11,United Arab Emirates,-4.0,5.0,0.0,-12.0,-2.0,4.0
2020-03-12,United Arab Emirates,-8.0,6.0,-6.0,-15.0,-3.0,5.0
2020-03-13,United Arab Emirates,-16.0,3.0,-15.0,-20.0,-2.0,5.0
2020-03-14,United Arab Emirates,-12.0,4.0,-12.0,-17.0,2.0,4.0
2020-03-15,United Arab Emirates,-6.0,11.0,-11.0,-15.0,-4.0,5.0
2020-03-16,United Arab Emirates,-11.0,8.0,-14.0,-17.0,-6.0,6.0
2020-03-17,United Arab Emirates,-16.0,5.0,-18.0,-22.0,-9.0,7.0
2020-03-18,United Arab Emirates,-19.0,2.0,-19.0,-25.0,-11.0,9.0
2020-03-19,United Arab Emirates,-24.0,-1.0,-26.0,-31.0,-12.0,11.0
2020-03-20,United Arab Emirates,-37.0,-11.0,-45.0,-44.0,-12.0,11.0
2020-03-21,United Arab Emirates,-32.0,-12.0,-37.0,-42.0,-8.0,10.0
2020-03-22,United Arab Emirates,-30.0,-13.0,-36.0,-45.0,-17.0,13.0
2020-03-23,United Arab Emirates,-27.0,14.0,-38.0,-46.0,-20.0,14.0
2020-03-24,United Arab Emirates,-39.0,-6.0,-43.0,-53.0,-28.0,17.0
2020-03-25,United Arab Emirates,-50.0,-18.0,-47.0,-60.0,-35.0,21.0
2020-03-26,United Arab Emirates,-55.0,-13.0,-54.0,-67.0,-40.0,25.0
2020-03-27,United Arab Emirates,-80.0,-60.0,-80.0,-84.0,-52.0,25.0
2020-03-28,United Arab Emirates,-72.0,-47.0,-68.0,-80.0,-56.0,28.0
2020-03-29,United Arab Emirates,-55.0,-26.0,-53.0,-69.0,-45.0,26.0
2020-03-30,United Arab Emirates,-57.0,-27.0,-53.0,-69.0,-46.0,25.0
2020-03-31,United Arab Emirates,-56.0,-26.0,-53.0,-69.0,-46.0,25.0
2020-04-01,United Arab Emirates,-56.0,-24.0,-53.0,-70.0,-46.0,25.0
2020-04-02,United Arab Emirates,-58.0,-25.0,-56.0,-71.0,-47.0,28.0
2020-04-03,United Arab Emirates,-69.0,-39.0,-75.0,-79.0,-44.0,22.0
2020-04-04,United Arab Emirates,-58.0,-27.0,-58.0,-72.0,-37.0,21.0
2020-04-05,United Arab Emirates,-61.0,-30.0,-58.0,-79.0,-57.0,31.0
2020-04-06,United Arab Emirates,-63.0,-32.0,-58.0,-78.0,-56.0,30.0
2020-04-07,United Arab Emirates,-63.0,-30.0,-73.0,-78.0,-55.0,30.0
2020-04-08,United Arab Emirates,-63.0,-30.0,-74.0,-78.0,-55.0,30.0
2020-04-09,United Arab Emirates,-64.0,-31.0,-76.0,-79.0,-55.0,33.0
2020-04-10,United Arab Emirates,-74.0,-46.0,-86.0,-84.0,-49.0,23.0
2020-04-11,United Arab Emirates,-64.0,-32.0,-77.0,-79.0,-45.0,24.0
2020-04-12,United Arab Emirates,-60.0,-28.0,-74.0,-79.0,-55.0,30.0
2020-04-13,United Arab Emirates,-62.0,-30.0,-73.0,-78.0,-55.0,30.0
2020-04-14,United Arab Emirates,-62.0,-31.0,-74.0,-78.0,-55.0,30.0
2020-04-15,United Arab Emirates,-63.0,-32.0,-74.0,-78.0,-56.0,31.0
2020-04-16,United Arab Emirates,-63.0,-32.0,-74.0,-79.0,-55.0,34.0
2020-04-17,United Arab Emirates,-73.0,-45.0,-85.0,-84.0,-48.0,23.0
2020-04-18,United Arab Emirates,-66.0,-39.0,-78.0,-78.0,-45.0,24.0
2020-04-19,United Arab Emirates,-62.0,-35.0,-74.0,-78.0,-54.0,30.0
2020-04-20,United Arab Emirates,-63.0,-37.0,-74.0,-78.0,-55.0,30.0
2020-04-21,United Arab Emirates,-63.0,-35.0,-74.0,-78.0,-55.0,30.0
2020-04-22,United Arab Emirates,-62.0,-33.0,-75.0,-77.0,-55.0,30.0
2020-04-23,United Arab Emirates,-62.0,-29.0,-76.0,-77.0,-55.0,32.0
2020-04-24,United Arab Emirates,-72.0,-40.0,-86.0,-80.0,-47.0,24.0
2020-04-25,United Arab Emirates,-62.0,-32.0,-77.0,-74.0,-41.0,25.0
2020-04-26,United Arab Emirates,-56.0,-26.0,-73.0,-69.0,-49.0,30.0
2020-04-27,United Arab Emirates,-57.0,-28.0,-73.0,-68.0,-48.0,30.0
2020-04-28,United Arab Emirates,-56.0,-26.0,-72.0,-67.0,-48.0,28.0
2020-04-29,United Arab Emirates,-55.0,-24.0,-72.0,-67.0,-47.0,29.0
2020-04-30,United Arab Emirates,-57.0,-26.0,-71.0,-66.0,-47.0,31.0
2020-05-01,United Arab Emirates,-66.0,-36.0,-83.0,-73.0,-41.0,22.0
2020-05-02,United Arab Emirates,-56.0,-26.0,-72.0,-66.0,-34.0,22.0
2020-05-03,United Arab Emirates,-51.0,-22.0,-68.0,-65.0,-45.0,27.0
2020-05-04,United Arab Emirates,-52.0,-24.0,-68.0,-65.0,-45.0,28.0
2020-05-05,United Arab Emirates,-53.0,-23.0,-68.0,-64.0,-45.0,27.0
2020-05-06,United Arab Emirates,-51.0,-20.0,-67.0,-62.0,-44.0,28.0
2020-05-07,United Arab Emirates,-53.0,-23.0,-68.0,-63.0,-44.0,30.0
2020-05-08,United Arab Emirates,-63.0,-35.0,-81.0,-72.0,-38.0,21.0
2020-05-09,United Arab Emirates,-53.0,-25.0,-70.0,-63.0,-31.0,22.0
2020-05-10,United Arab Emirates,-48.0,-19.0,-66.0,-61.0,-42.0,27.0
2020-05-11,United Arab Emirates,-51.0,-22.0,-66.0,-61.0,-43.0,28.0
2020-05-12,United Arab Emirates,-50.0,-20.0,-66.0,-61.0,-43.0,28.0
2020-05-13,United Arab Emirates,-51.0,-21.0,-66.0,-61.0,-43.0,28.0
2020-05-14,United Arab Emirates,-53.0,-20.0,-67.0,-61.0,-43.0,29.0
2020-05-15,United Arab Emirates,-62.0,-32.0,-80.0,-70.0,-35.0,21.0
2020-05-16,United Arab Emirates,-51.0,-21.0,-68.0,-61.0,-29.0,21.0
2020-05-17,United Arab Emirates,-47.0,-16.0,-64.0,-60.0,-41.0,27.0
2020-05-18,United Arab Emirates,-48.0,-18.0,-64.0,-59.0,-42.0,27.0
2020-05-19,United Arab Emirates,-49.0,-19.0,-65.0,-60.0,-42.0,27.0
2020-05-20,United Arab Emirates,-53.0,-22.0,-67.0,-61.0,-44.0,28.0
2020-05-21,United Arab Emirates,-53.0,-20.0,-69.0,-61.0,-43.0,30.0
2020-05-22,United Arab Emirates,-59.0,-27.0,-81.0,-69.0,-33.0,21.0
2020-05-23,United Arab Emirates,-52.0,-17.0,-73.0,-66.0,-47.0,25.0
2020-05-24,United Arab Emirates,-56.0,-31.0,-68.0,-72.0,-77.0,36.0
2020-05-25,United Arab Emirates,-52.0,-23.0,-65.0,-69.0,-73.0,34.0
2020-05-26,United Arab Emirates,-50.0,-23.0,-66.0,-66.0,-63.0,31.0
2020-05-27,United Arab Emirates,-44.0,-18.0,-63.0,-55.0,-38.0,23.0
2020-05-28,United Arab Emirates,-46.0,-19.0,-64.0,-56.0,-37.0,25.0
2020-05-29,United Arab Emirates,-55.0,-29.0,-73.0,-64.0,-29.0,19.0
2020-05-30,United Arab Emirates,-42.0,-17.0,-62.0,-55.0,-20.0,16.0
2020-05-31,United Arab Emirates,-35.0,-9.0,-58.0,-52.0,-32.0,20.0
2020-06-01,United Arab Emirates,-37.0,-10.0,-57.0,-51.0,-32.0,20.0
2020-06-02,United Arab Emirates,-38.0,-12.0,-58.0,-52.0,-32.0,21.0
2020-06-03,United Arab Emirates,-38.0,-12.0,-57.0,-51.0,-32.0,21.0
2020-06-04,United Arab Emirates,-41.0,-14.0,-60.0,-52.0,-31.0,23.0
2020-06-05,United Arab Emirates,-49.0,-23.0,-68.0,-61.0,-26.0,17.0
2020-06-06,United Arab Emirates,-39.0,-15.0,-60.0,-54.0,-18.0,16.0
2020-06-07,United Arab Emirates,-35.0,-9.0,-56.0,-51.0,-30.0,20.0
2020-06-08,United Arab Emirates,-37.0,-13.0,-56.0,-50.0,-29.0,20.0
2020-06-09,United Arab Emirates,-39.0,-14.0,-57.0,-52.0,-29.0,20.0
2020-06-10,United Arab Emirates,-38.0,-13.0,-56.0,-52.0,-30.0,20.0
2020-06-11,United Arab Emirates,-40.0,-13.0,-57.0,-52.0,-29.0,22.0
2020-06-12,United Arab Emirates,-48.0,-23.0,-66.0,-60.0,-23.0,16.0
2020-06-13,United Arab Emirates,-38.0,-15.0,-57.0,-53.0,-16.0,15.0
2020-06-14,United Arab Emirates,-34.0,-10.0,-54.0,-50.0,-28.0,19.0
2020-06-15,United Arab Emirates,-36.0,-13.0,-53.0,-50.0,-27.0,19.0
2020-06-16,United Arab Emirates,-36.0,-12.0,-53.0,-50.0,-27.0,19.0
2020-06-17,United Arab Emirates,-37.0,-12.0,-54.0,-50.0,-27.0,19.0
2020-06-18,United Arab Emirates,-39.0,-14.0,-56.0,-51.0,-27.0,20.0
2020-06-19,United Arab Emirates,-46.0,-22.0,-66.0,-58.0,-21.0,16.0
2020-06-20,United Arab Emirates,-37.0,-15.0,-57.0,-52.0,-15.0,14.0
2020-06-21,United Arab Emirates,-33.0,-11.0,-52.0,-50.0,-27.0,18.0
2020-06-22,United Arab Emirates,-35.0,-13.0,-51.0,-48.0,-27.0,18.0
2020-06-23,United Arab Emirates,-34.0,-12.0,-51.0,-48.0,-27.0,18.0
2020-06-24,United Arab Emirates,-35.0,-12.0,-52.0,-48.0,-26.0,18.0
2020-06-25,United Arab Emirates,-33.0,-10.0,-53.0,-47.0,-25.0,19.0
2020-06-26,United Arab Emirates,-40.0,-18.0,-62.0,-54.0,-18.0,14.0
2020-06-27,United Arab Emirates,-32.0,-11.0,-55.0,-48.0,-14.0,13.0
2020-06-28,United Arab Emirates,-28.0,-7.0,-51.0,-47.0,-24.0,16.0
2020-06-29,United Arab Emirates,-29.0,-8.0,-49.0,-46.0,-24.0,16.0
2020-06-30,United Arab Emirates,-28.0,-6.0,-46.0,-47.0,-24.0,15.0
2020-07-01,United Arab Emirates,-28.0,-6.0,-47.0,-47.0,-24.0,15.0
2020-07-02,United Arab Emirates,-29.0,-5.0,-48.0,-47.0,-24.0,17.0
2020-07-03,United Arab Emirates,-36.0,-14.0,-58.0,-54.0,-17.0,13.0
2020-07-04,United Arab Emirates,-29.0,-8.0,-50.0,-49.0,-12.0,11.0
2020-07-05,United Arab Emirates,-24.0,-3.0,-45.0,-47.0,-24.0,14.0
2020-07-06,United Arab Emirates,-27.0,-6.0,-45.0,-46.0,-23.0,15.0
2020-07-07,United Arab Emirates,-27.0,-5.0,-45.0,-45.0,-24.0,15.0
2020-07-08,United Arab Emirates,-29.0,-8.0,-46.0,-47.0,-23.0,15.0
2020-07-09,United Arab Emirates,-29.0,-7.0,-48.0,-46.0,-24.0,16.0
2020-07-10,United Arab Emirates,-35.0,-14.0,-58.0,-54.0,-15.0,12.0
2020-07-11,United Arab Emirates,-28.0,-8.0,-50.0,-49.0,-11.0,11.0
2020-07-12,United Arab Emirates,-24.0,-4.0,-44.0,-45.0,-23.0,14.0
2020-07-13,United Arab Emirates,-26.0,-7.0,-45.0,-45.0,-23.0,14.0
2020-07-14,United Arab Emirates,-27.0,-7.0,-45.0,-46.0,-24.0,14.0
2020-07-15,United Arab Emirates,-26.0,-7.0,-43.0,-46.0,-23.0,14.0
2020-07-16,United Arab Emirates,-28.0,-6.0,-46.0,-46.0,-22.0,15.0
2020-07-17,United Arab Emirates,-34.0,-14.0,-56.0,-54.0,-15.0,12.0
2020-07-18,United Arab Emirates,-28.0,-9.0,-48.0,-49.0,-11.0,11.0
2020-07-19,United Arab Emirates,-23.0,-4.0,-42.0,-45.0,-22.0,13.0
2020-07-20,United Arab Emirates,-25.0,-7.0,-42.0,-45.0,-22.0,13.0
2020-07-21,United Arab Emirates,-27.0,-9.0,-44.0,-46.0,-23.0,13.0
2020-07-22,United Arab Emirates,-27.0,-9.0,-44.0,-45.0,-22.0,13.0
2020-07-23,United Arab Emirates,-27.0,-7.0,-45.0,-45.0,-22.0,14.0
2020-07-24,United Arab Emirates,-33.0,-15.0,-55.0,-52.0,-13.0,12.0
2020-07-25,United Arab Emirates,-25.0,-8.0,-46.0,-46.0,-11.0,10.0
2020-07-26,United Arab Emirates,-21.0,-3.0,-41.0,-43.0,-22.0,12.0
2020-07-27,United Arab Emirates,-21.0,-3.0,-41.0,-43.0,-22.0,12.0
2020-07-28,United Arab Emirates,-19.0,0.0,-42.0,-43.0,-22.0,11.0
2020-07-29,United Arab Emirates,-12.0,11.0,-39.0,-39.0,-22.0,9.0
2020-07-30,United Arab Emirates,-21.0,13.0,-46.0,-51.0,-58.0,26.0
2020-07-31,United Arab Emirates,-31.0,-15.0,-46.0,-47.0,-22.0,9.0
2020-08-01,United Arab Emirates,-22.0,-6.0,-29.0,-49.0,-53.0,17.0
2020-08-02,United Arab Emirates,-15.0,5.0,-34.0,-53.0,-59.0,22.0
2020-08-03,United Arab Emirates,-22.0,-4.0,-41.0,-43.0,-23.0,12.0
2020-08-04,United Arab Emirates,-22.0,-4.0,-42.0,-42.0,-23.0,12.0
2020-08-05,United Arab Emirates,-22.0,-4.0,-42.0,-41.0,-22.0,12.0
2020-08-06,United Arab Emirates,-24.0,-6.0,-45.0,-42.0,-22.0,13.0
2020-08-07,United Arab Emirates,-33.0,-15.0,-57.0,-51.0,-14.0,11.0
2020-08-08,United Arab Emirates,-24.0,-7.0,-45.0,-44.0,-12.0,9.0
2020-08-09,United Arab Emirates,-18.0,-1.0,-38.0,-41.0,-21.0,11.0
2020-08-10,United Arab Emirates,-21.0,-5.0,-39.0,-40.0,-22.0,11.0
2020-08-11,United Arab Emirates,-23.0,-6.0,-41.0,-43.0,-22.0,11.0
2020-08-12,United Arab Emirates,-22.0,-6.0,-41.0,-43.0,-22.0,11.0
2020-08-13,United Arab Emirates,-23.0,-5.0,-42.0,-42.0,-22.0,12.0
2020-08-14,United Arab Emirates,-30.0,-12.0,-53.0,-49.0,-14.0,10.0
2020-08-15,United Arab Emirates,-24.0,-7.0,-45.0,-43.0,-12.0,8.0
2020-08-16,United Arab Emirates,-19.0,-3.0,-39.0,-42.0,-22.0,10.0
2020-08-17,United Arab Emirates,-22.0,-6.0,-40.0,-42.0,-22.0,11.0
2020-08-18,United Arab Emirates,-23.0,-7.0,-42.0,-42.0,-21.0,11.0
2020-08-19,United Arab Emirates,-23.0,-7.0,-42.0,-42.0,-21.0,11.0
2020-08-20,United Arab Emirates,-26.0,-9.0,-45.0,-43.0,-22.0,12.0
2020-08-21,United Arab Emirates,-33.0,-16.0,-56.0,-50.0,-14.0,10.0
2020-08-22,United Arab Emirates,-23.0,-9.0,-43.0,-44.0,-15.0,8.0
2020-08-23,United Arab Emirates,-19.0,1.0,-37.0,-53.0,-58.0,22.0
2020-08-24,United Arab Emirates,-25.0,-10.0,-42.0,-42.0,-20.0,10.0
2020-08-25,United Arab Emirates,-24.0,-8.0,-41.0,-41.0,-21.0,10.0
2020-08-26,United Arab Emirates,-23.0,-7.0,-41.0,-41.0,-20.0,10.0
2020-08-27,United Arab Emirates,-22.0,-5.0,-42.0,-41.0,-20.0,11.0
2020-08-28,United Arab Emirates,-30.0,-11.0,-55.0,-47.0,-13.0,10.0
2020-08-29,United Arab Emirates,-23.0,-5.0,-46.0,-42.0,-11.0,8.0
2020-08-30,United Arab Emirates,-18.0,2.0,-38.0,-40.0,-21.0,9.0
2020-08-31,United Arab Emirates,-21.0,-3.0,-40.0,-41.0,-22.0,10.0
2020-09-01,United Arab Emirates,-22.0,-3.0,-40.0,-40.0,-21.0,10.0
2020-09-02,United Arab Emirates,-22.0,-4.0,-40.0,-41.0,-21.0,10.0
2020-09-03,United Arab Emirates,-22.0,-3.0,-40.0,-41.0,-21.0,10.0
2020-09-04,United Arab Emirates,-27.0,-8.0,-50.0,-45.0,-15.0,9.0
2020-09-05,United Arab Emirates,-21.0,-3.0,-42.0,-42.0,-13.0,7.0
2020-09-06,United Arab Emirates,-18.0,1.0,-35.0,-39.0,-21.0,9.0
2020-09-07,United Arab Emirates,-21.0,-3.0,-38.0,-40.0,-21.0,10.0
2020-09-08,United Arab Emirates,-21.0,-3.0,-38.0,-40.0,-22.0,10.0
2020-09-09,United Arab Emirates,-23.0,-5.0,-39.0,-41.0,-21.0,9.0
2020-09-10,United Arab Emirates,-21.0,-3.0,-38.0,-38.0,-21.0,10.0
2020-09-11,United Arab Emirates,-27.0,-8.0,-48.0,-45.0,-16.0,9.0
2020-09-12,United Arab Emirates,-22.0,-3.0,-39.0,-42.0,-13.0,7.0
2020-09-13,United Arab Emirates,-19.0,0.0,-32.0,-39.0,-20.0,9.0
2020-09-14,United Arab Emirates,-22.0,-4.0,-36.0,-40.0,-19.0,10.0
2020-09-15,United Arab Emirates,-22.0,-4.0,-36.0,-40.0,-19.0,10.0
2020-09-16,United Arab Emirates,-22.0,-5.0,-36.0,-40.0,-20.0,10.0
2020-09-17,United Arab Emirates,-23.0,-5.0,-38.0,-41.0,-21.0,11.0
2020-09-18,United Arab Emirates,-28.0,-11.0,-47.0,-46.0,-15.0,10.0
2020-09-19,United Arab Emirates,-23.0,-7.0,-40.0,-43.0,-13.0,8.0
2020-09-20,United Arab Emirates,-21.0,-4.0,-35.0,-40.0,-19.0,10.0
2020-09-21,United Arab Emirates,-24.0,-7.0,-38.0,-41.0,-21.0,10.0
2020-09-22,United Arab Emirates,-26.0,-8.0,-41.0,-42.0,-20.0,10.0
2020-09-23,United Arab Emirates,-27.0,-9.0,-44.0,-43.0,-20.0,11.0
2020-09-24,United Arab Emirates,-26.0,-8.0,-43.0,-43.0,-20.0,12.0
2020-09-25,United Arab Emirates,-31.0,-12.0,-49.0,-47.0,-15.0,10.0
2020-09-26,United Arab Emirates,-26.0,-7.0,-45.0,-43.0,-12.0,8.0
2020-09-27,United Arab Emirates,-22.0,-3.0,-41.0,-40.0,-19.0,10.0
2020-09-28,United Arab Emirates,-25.0,-7.0,-44.0,-41.0,-19.0,11.0
2020-09-29,United Arab Emirates,-24.0,-5.0,-42.0,-40.0,-19.0,10.0
2020-09-30,United Arab Emirates,-23.0,-2.0,-41.0,-38.0,-20.0,9.0
2020-10-01,United Arab Emirates,-22.0,0.0,-38.0,-38.0,-20.0,9.0
2020-10-02,United Arab Emirates,-26.0,-5.0,-44.0,-40.0,-16.0,8.0
2020-10-03,United Arab Emirates,-22.0,-1.0,-40.0,-38.0,-14.0,6.0
2020-10-04,United Arab Emirates,-20.0,1.0,-34.0,-35.0,-20.0,8.0
2020-10-05,United Arab Emirates,-23.0,-3.0,-38.0,-38.0,-21.0,9.0
2020-10-06,United Arab Emirates,-23.0,-3.0,-38.0,-38.0,-21.0,8.0
2020-10-07,United Arab Emirates,-24.0,-3.0,-38.0,-38.0,-20.0,9.0
2020-10-08,United Arab Emirates,-23.0,-2.0,-36.0,-37.0,-19.0,10.0
2020-10-09,United Arab Emirates,-27.0,-7.0,-41.0,-42.0,-15.0,8.0
2020-10-10,United Arab Emirates,-24.0,-5.0,-37.0,-39.0,-12.0,8.0
2020-10-11,United Arab Emirates,-21.0,0.0,-32.0,-37.0,-18.0,10.0
2020-10-12,United Arab Emirates,-24.0,-4.0,-34.0,-38.0,-19.0,10.0
2020-10-13,United Arab Emirates,-24.0,-3.0,-34.0,-38.0,-19.0,10.0
2020-10-14,United Arab Emirates,-23.0,-3.0,-36.0,-37.0,-19.0,10.0
2020-10-15,United Arab Emirates,-22.0,-1.0,-34.0,-35.0,-19.0,10.0
2020-10-16,United Arab Emirates,-26.0,-5.0,-36.0,-40.0,-15.0,9.0
2020-10-17,United Arab Emirates,-23.0,-4.0,-36.0,-38.0,-12.0,8.0
2020-10-18,United Arab Emirates,-20.0,-1.0,-32.0,-36.0,-20.0,10.0
2020-10-19,United Arab Emirates,-23.0,-4.0,-35.0,-36.0,-20.0,10.0
2020-10-20,United Arab Emirates,-23.0,-5.0,-33.0,-37.0,-20.0,10.0
2020-10-21,United Arab Emirates,-22.0,-3.0,-31.0,-37.0,-20.0,10.0
2020-10-22,United Arab Emirates,-21.0,-1.0,-25.0,-35.0,-19.0,10.0
2020-10-23,United Arab Emirates,-26.0,-5.0,-28.0,-40.0,-14.0,8.0
2020-10-24,United Arab Emirates,-23.0,-4.0,-29.0,-38.0,-11.0,7.0
2020-10-25,United Arab Emirates,-18.0,1.0,-25.0,-35.0,-18.0,9.0
2020-10-26,United Arab Emirates,-20.0,-1.0,-28.0,-35.0,-18.0,9.0
2020-10-27,United Arab Emirates,-19.0,0.0,-28.0,-35.0,-19.0,9.0
2020-10-28,United Arab Emirates,-13.0,7.0,-24.0,-32.0,-18.0,6.0
2020-10-29,United Arab Emirates,-15.0,8.0,-4.0,-45.0,-59.0,20.0
2020-10-30,United Arab Emirates,-24.0,-7.0,-24.0,-40.0,-16.0,6.0
2020-10-31,United Arab Emirates,-22.0,-4.0,-30.0,-39.0,-12.0,6.0
2020-11-01,United Arab Emirates,-17.0,3.0,-27.0,-35.0,-18.0,8.0
2020-11-02,United Arab Emirates,-19.0,0.0,-31.0,-36.0,-19.0,9.0
2020-11-03,United Arab Emirates,-19.0,0.0,-30.0,-36.0,-19.0,9.0
2020-11-04,United Arab Emirates,-20.0,-1.0,-31.0,-36.0,-19.0,9.0
2020-11-05,United Arab Emirates,-20.0,0.0,-29.0,-35.0,-19.0,9.0
2020-11-06,United Arab Emirates,-23.0,-4.0,-28.0,-38.0,-15.0,7.0
2020-11-07,United Arab Emirates,-20.0,-3.0,-30.0,-38.0,-12.0,7.0
2020-11-08,United Arab Emirates,-18.0,0.0,-28.0,-35.0,-18.0,9.0
2020-11-09,United Arab Emirates,-20.0,-2.0,-32.0,-36.0,-19.0,9.0
2020-11-10,United Arab Emirates,-20.0,-2.0,-32.0,-36.0,-19.0,9.0
2020-11-11,United Arab Emirates,-19.0,0.0,-31.0,-35.0,-19.0,9.0
2020-11-12,United Arab Emirates,-18.0,1.0,-28.0,-34.0,-19.0,9.0
2020-11-13,United Arab Emirates,-21.0,0.0,-26.0,-37.0,-13.0,6.0
2020-11-14,United Arab Emirates,-18.0,-1.0,-28.0,-37.0,-13.0,7.0
2020-11-15,United Arab Emirates,-17.0,1.0,-25.0,-34.0,-19.0,9.0
2020-11-16,United Arab Emirates,-20.0,-4.0,-29.0,-35.0,-19.0,9.0
2020-11-17,United Arab Emirates,-21.0,-4.0,-29.0,-36.0,-19.0,9.0
2020-11-18,United Arab Emirates,-21.0,-3.0,-31.0,-36.0,-18.0,9.0
2020-11-19,United Arab Emirates,-20.0,-2.0,-29.0,-36.0,-18.0,9.0
2020-11-20,United Arab Emirates,-23.0,-6.0,-29.0,-39.0,-13.0,7.0
2020-11-21,United Arab Emirates,-21.0,-5.0,-32.0,-38.0,-11.0,7.0
2020-11-22,United Arab Emirates,-18.0,-2.0,-29.0,-35.0,-18.0,9.0
2020-11-23,United Arab Emirates,-21.0,-6.0,-32.0,-37.0,-18.0,9.0
2020-11-24,United Arab Emirates,-21.0,-5.0,-32.0,-37.0,-19.0,9.0
2020-11-25,United Arab Emirates,-20.0,-3.0,-33.0,-35.0,-18.0,9.0
2020-11-26,United Arab Emirates,-18.0,0.0,-30.0,-33.0,-18.0,9.0
2020-11-27,United Arab Emirates,-20.0,-3.0,-30.0,-35.0,-11.0,6.0
2020-11-28,United Arab Emirates,-17.0,-1.0,-32.0,-35.0,-10.0,6.0
2020-11-29,United Arab Emirates,-13.0,4.0,-27.0,-32.0,-18.0,8.0
2020-11-30,United Arab Emirates,-10.0,7.0,-25.0,-30.0,-18.0,6.0
2020-12-01,United Arab Emirates,-2.0,19.0,7.0,-38.0,-55.0,15.0
2020-12-02,United Arab Emirates,-2.0,19.0,31.0,-39.0,-64.0,18.0
2020-12-03,United Arab Emirates,-14.0,5.0,5.0,-42.0,-59.0,19.0
2020-12-04,United Arab Emirates,-24.0,-7.0,-24.0,-37.0,-13.0,6.0
2020-12-05,United Arab Emirates,-20.0,-4.0,-31.0,-36.0,-10.0,6.0
2020-12-06,United Arab Emirates,-15.0,2.0,-27.0,-32.0,-17.0,8.0
2020-12-07,United Arab Emirates,-17.0,0.0,-30.0,-34.0,-19.0,8.0
2020-12-08,United Arab Emirates,-18.0,-1.0,-29.0,-34.0,-17.0,8.0
2020-12-09,United Arab Emirates,-17.0,-1.0,-29.0,-34.0,-18.0,8.0
2020-12-10,United Arab Emirates,-18.0,0.0,-25.0,-32.0,-18.0,9.0
2020-12-11,United Arab Emirates,-21.0,-1.0,-22.0,-33.0,-10.0,6.0
2020-12-12,United Arab Emirates,-18.0,-1.0,-24.0,-33.0,-10.0,6.0
2020-12-13,United Arab Emirates,-12.0,3.0,-17.0,-30.0,-20.0,8.0
2020-12-14,United Arab Emirates,-15.0,-1.0,-22.0,-32.0,-20.0,8.0
2020-12-15,United Arab Emirates,-15.0,1.0,-22.0,-32.0,-21.0,8.0
2020-12-16,United Arab Emirates,-15.0,1.0,-23.0,-31.0,-20.0,8.0
2020-12-17,United Arab Emirates,-16.0,1.0,-22.0,-30.0,-20.0,9.0
2020-12-18,United Arab Emirates,-19.0,-1.0,-20.0,-30.0,-10.0,6.0
2020-12-19,United Arab Emirates,-17.0,-2.0,-22.0,-31.0,-10.0,6.0
2020-12-20,United Arab Emirates,-11.0,4.0,-15.0,-28.0,-21.0,8.0
2020-12-21,United Arab Emirates,-13.0,1.0,-20.0,-30.0,-21.0,8.0
2020-12-22,United Arab Emirates,-14.0,1.0,-21.0,-32.0,-22.0,8.0
2020-12-23,United Arab Emirates,-12.0,5.0,-21.0,-30.0,-21.0,8.0
2020-12-24,United Arab Emirates,-13.0,7.0,-21.0,-30.0,-23.0,9.0
2020-12-25,United Arab Emirates,-19.0,-4.0,-20.0,-32.0,-12.0,5.0
2020-12-26,United Arab Emirates,-16.0,-1.0,-22.0,-31.0,-11.0,5.0
2020-12-27,United Arab Emirates,-9.0,5.0,-16.0,-29.0,-22.0,8.0
2020-12-28,United Arab Emirates,-10.0,4.0,-19.0,-31.0,-22.0,8.0
2020-12-29,United Arab Emirates,-10.0,4.0,-17.0,-32.0,-23.0,8.0
2020-12-30,United Arab Emirates,-7.0,9.0,-18.0,-29.0,-21.0,8.0
2020-12-31,United Arab Emirates,-10.0,11.0,3.0,-30.0,-25.0,10.0
2021-01-01,United Arab Emirates,-18.0,-2.0,-14.0,-31.0,-16.0,5.0
2021-01-02,United Arab Emirates,-16.0,2.0,-24.0,-32.0,-11.0,6.0
2021-01-03,United Arab Emirates,-12.0,6.0,-22.0,-28.0,-18.0,9.0
2021-01-04,United Arab Emirates,-16.0,2.0,-28.0,-31.0,-18.0,9.0
2021-01-05,United Arab Emirates,-17.0,1.0,-28.0,-32.0,-18.0,8.0
2021-01-06,United Arab Emirates,-16.0,2.0,-29.0,-31.0,-18.0,9.0
2021-01-07,United Arab Emirates,-17.0,1.0,-28.0,-32.0,-18.0,10.0
2021-01-08,United Arab Emirates,-19.0,0.0,-25.0,-32.0,-11.0,6.0
2021-01-09,United Arab Emirates,-17.0,0.0,-27.0,-31.0,-10.0,6.0
2021-01-10,United Arab Emirates,-14.0,4.0,-26.0,-28.0,-18.0,8.0
2021-01-11,United Arab Emirates,-17.0,1.0,-29.0,-31.0,-18.0,8.0
2021-01-12,United Arab Emirates,-18.0,-1.0,-29.0,-33.0,-19.0,8.0
2021-01-13,United Arab Emirates,-18.0,-1.0,-31.0,-34.0,-20.0,7.0
2021-01-14,United Arab Emirates,-19.0,-3.0,-28.0,-34.0,-23.0,7.0
2021-01-15,United Arab Emirates,-22.0,-6.0,-22.0,-36.0,-19.0,4.0
2021-01-16,United Arab Emirates,-21.0,-7.0,-29.0,-36.0,-18.0,5.0
2021-01-17,United Arab Emirates,-18.0,-3.0,-28.0,-34.0,-24.0,7.0
2021-01-18,United Arab Emirates,-21.0,-6.0,-31.0,-36.0,-24.0,8.0
2021-01-19,United Arab Emirates,-22.0,-7.0,-30.0,-37.0,-25.0,8.0
2021-01-20,United Arab Emirates,-22.0,-6.0,-31.0,-35.0,-24.0,8.0
2021-01-21,United Arab Emirates,-22.0,-6.0,-29.0,-35.0,-24.0,9.0
2021-01-22,United Arab Emirates,-24.0,-7.0,-24.0,-37.0,-17.0,6.0
2021-01-23,United Arab Emirates,-22.0,-7.0,-32.0,-36.0,-16.0,6.0
2021-01-24,United Arab Emirates,-19.0,-3.0,-28.0,-34.0,-23.0,9.0
2021-01-25,United Arab Emirates,-22.0,-6.0,-31.0,-35.0,-24.0,9.0
2021-01-26,United Arab Emirates,-21.0,-6.0,-31.0,-36.0,-25.0,9.0
2021-01-27,United Arab Emirates,-20.0,-3.0,-32.0,-35.0,-24.0,9.0
2021-01-28,United Arab Emirates,-18.0,0.0,-28.0,-34.0,-24.0,9.0
2021-01-29,United Arab Emirates,-20.0,0.0,-25.0,-35.0,-16.0,5.0
2021-01-30,United Arab Emirates,-16.0,1.0,-29.0,-34.0,-15.0,5.0
2021-01-31,United Arab Emirates,-14.0,6.0,-29.0,-33.0,-22.0,7.0
2021-02-01,United Arab Emirates,-16.0,3.0,-31.0,-35.0,-24.0,8.0
2021-02-02,United Arab Emirates,-16.0,3.0,-30.0,-36.0,-24.0,8.0
2021-02-03,United Arab Emirates,-19.0,-2.0,-33.0,-38.0,-24.0,8.0
2021-02-04,United Arab Emirates,-21.0,-3.0,-31.0,-38.0,-25.0,9.0
2021-02-05,United Arab Emirates,-23.0,-3.0,-26.0,-38.0,-18.0,5.0
2021-02-06,United Arab Emirates,-21.0,-4.0,-30.0,-38.0,-16.0,5.0
2021-02-07,United Arab Emirates,-18.0,-2.0,-29.0,-37.0,-24.0,8.0
2021-02-08,United Arab Emirates,-19.0,-3.0,-32.0,-37.0,-25.0,8.0
2021-02-09,United Arab Emirates,-18.0,1.0,-30.0,-36.0,-25.0,8.0
2021-02-10,United Arab Emirates,-18.0,1.0,-31.0,-35.0,-24.0,8.0
2021-02-11,United Arab Emirates,-18.0,1.0,-28.0,-35.0,-24.0,9.0
2021-02-12,United Arab Emirates,-20.0,-1.0,-24.0,-35.0,-16.0,5.0
2021-02-13,United Arab Emirates,-16.0,0.0,-28.0,-34.0,-15.0,5.0
2021-02-14,United Arab Emirates,-9.0,7.0,-23.0,-32.0,-22.0,8.0
2021-02-15,United Arab Emirates,-16.0,1.0,-29.0,-34.0,-24.0,8.0
2021-02-16,United Arab Emirates,-16.0,2.0,-26.0,-35.0,-24.0,8.0
2021-02-17,United Arab Emirates,-15.0,4.0,-27.0,-33.0,-23.0,8.0
2021-02-18,United Arab Emirates,-16.0,4.0,-24.0,-32.0,-23.0,9.0
2021-02-19,United Arab Emirates,-19.0,2.0,-20.0,-33.0,-14.0,5.0
2021-02-20,United Arab Emirates,-16.0,3.0,-25.0,-32.0,-13.0,5.0
2021-02-21,United Arab Emirates,-12.0,6.0,-23.0,-30.0,-21.0,7.0
2021-02-22,United Arab Emirates,-16.0,2.0,-28.0,-33.0,-21.0,8.0
2021-02-23,United Arab Emirates,-16.0,2.0,-27.0,-33.0,-21.0,8.0
2021-02-24,United Arab Emirates,-15.0,3.0,-28.0,-33.0,-21.0,8.0
2021-02-25,United Arab Emirates,-13.0,6.0,-24.0,-31.0,-21.0,8.0
2021-02-26,United Arab Emirates,-16.0,5.0,-21.0,-32.0,-13.0,5.0
2021-02-27,United Arab Emirates,-12.0,8.0,-25.0,-30.0,-12.0,4.0
2021-02-28,United Arab Emirates,-8.0,14.0,-23.0,-27.0,-19.0,6.0
2021-03-01,United Arab Emirates,-11.0,11.0,-26.0,-29.0,-20.0,7.0
2021-03-02,United Arab Emirates,-11.0,12.0,-25.0,-30.0,-21.0,7.0
2021-03-03,United Arab Emirates,-11.0,11.0,-27.0,-30.0,-20.0,7.0
2021-03-04,United Arab Emirates,-11.0,10.0,-23.0,-29.0,-20.0,8.0
2021-03-05,United Arab Emirates,-13.0,9.0,-20.0,-29.0,-13.0,5.0
2021-03-06,United Arab Emirates,-11.0,9.0,-24.0,-29.0,-12.0,4.0
2021-03-07,United Arab Emirates,-8.0,12.0,-22.0,-27.0,-19.0,7.0
2021-03-08,United Arab Emirates,-11.0,8.0,-26.0,-30.0,-20.0,7.0
2021-03-09,United Arab Emirates,-12.0,8.0,-24.0,-30.0,-20.0,7.0
2021-03-10,United Arab Emirates,-11.0,10.0,-26.0,-28.0,-19.0,7.0
2021-03-11,United Arab Emirates,-12.0,10.0,-22.0,-27.0,-19.0,8.0
2021-03-12,United Arab Emirates,-13.0,8.0,-20.0,-30.0,-12.0,5.0
2021-03-13,United Arab Emirates,-11.0,9.0,-26.0,-29.0,-11.0,4.0
2021-03-14,United Arab Emirates,-8.0,13.0,-21.0,-26.0,-18.0,7.0
2021-03-15,United Arab Emirates,-11.0,9.0,-25.0,-28.0,-18.0,7.0
2021-03-16,United Arab Emirates,-12.0,9.0,-23.0,-28.0,-19.0,7.0
2021-03-17,United Arab Emirates,-11.0,10.0,-25.0,-27.0,-17.0,7.0
2021-03-18,United Arab Emirates,-11.0,10.0,-22.0,-26.0,-17.0,8.0
2021-03-19,United Arab Emirates,-13.0,9.0,-20.0,-28.0,-10.0,5.0
2021-03-20,United Arab Emirates,-11.0,9.0,-23.0,-26.0,-9.0,4.0
2021-03-21,United Arab Emirates,-7.0,14.0,-21.0,-24.0,-16.0,7.0
2021-03-22,United Arab Emirates,-11.0,9.0,-24.0,-27.0,-17.0,7.0
2021-03-23,United Arab Emirates,-11.0,8.0,-23.0,-28.0,-17.0,7.0
2021-03-24,United Arab Emirates,-10.0,10.0,-25.0,-26.0,-17.0,7.0
2021-03-25,United Arab Emirates,-9.0,13.0,-22.0,-25.0,-19.0,8.0
2021-03-26,United Arab Emirates,-12.0,9.0,-23.0,-26.0,-10.0,5.0
2021-03-27,United Arab Emirates,-8.0,11.0,-23.0,-25.0,-9.0,4.0
2021-03-28,United Arab Emirates,-4.0,17.0,-17.0,-23.0,-18.0,6.0
2021-03-29,United Arab Emirates,-6.0,14.0,-20.0,-25.0,-19.0,7.0
2021-03-30,United Arab Emirates,-6.0,14.0,-19.0,-24.0,-19.0,6.0
2021-03-31,United Arab Emirates,-4.0,16.0,-20.0,-22.0,-19.0,6.0
2021-04-01,United Arab Emirates,-6.0,16.0,-19.0,-22.0,-18.0,7.0
2021-04-02,United Arab Emirates,-9.0,14.0,-20.0,-24.0,-9.0,4.0
2021-04-03,United Arab Emirates,-5.0,17.0,-21.0,-23.0,-8.0,3.0
2021-04-04,United Arab Emirates,1.0,23.0,-12.0,-20.0,-20.0,6.0
2021-04-05,United Arab Emirates,-4.0,17.0,-17.0,-23.0,-18.0,6.0
2021-04-06,United Arab Emirates,-4.0,16.0,-16.0,-24.0,-18.0,6.0
2021-04-07,United Arab Emirates,-4.0,17.0,-17.0,-23.0,-18.0,6.0
2021-04-08,United Arab Emirates,-5.0,16.0,-16.0,-21.0,-18.0,7.0
2021-04-09,United Arab Emirates,-9.0,14.0,-18.0,-24.0,-8.0,4.0
2021-04-10,United Arab Emirates,-5.0,16.0,-21.0,-23.0,-7.0,3.0
2021-04-11,United Arab Emirates,-1.0,23.0,-17.0,-20.0,-15.0,5.0
2021-04-12,United Arab Emirates,-2.0,30.0,-24.0,-23.0,-15.0,5.0
2021-04-13,United Arab Emirates,-21.0,22.0,-33.0,-29.0,-18.0,13.0
2021-04-14,United Arab Emirates,-20.0,15.0,-32.0,-28.0,-18.0,13.0
2021-04-15,United Arab Emirates,-20.0,12.0,-30.0,-28.0,-17.0,14.0
2021-04-16,United Arab Emirates,-25.0,6.0,-42.0,-36.0,-9.0,10.0
2021-04-17,United Arab Emirates,-19.0,10.0,-32.0,-30.0,-8.0,10.0
2021-04-18,United Arab Emirates,-14.0,18.0,-23.0,-25.0,-15.0,12.0
2021-04-19,United Arab Emirates,-17.0,15.0,-27.0,-28.0,-16.0,13.0
2021-04-20,United Arab Emirates,-16.0,15.0,-26.0,-28.0,-16.0,13.0
2021-04-21,United Arab Emirates,-16.0,15.0,-28.0,-27.0,-16.0,13.0
2021-04-22,United Arab Emirates,-17.0,13.0,-26.0,-28.0,-16.0,14.0
2021-04-23,United Arab Emirates,-23.0,6.0,-39.0,-35.0,-8.0,10.0
2021-04-24,United Arab Emirates,-18.0,9.0,-31.0,-28.0,-7.0,10.0
2021-04-25,United Arab Emirates,-12.0,18.0,-22.0,-27.0,-14.0,12.0
2021-04-26,United Arab Emirates,-14.0,16.0,-25.0,-29.0,-15.0,13.0
2021-04-27,United Arab Emirates,-14.0,17.0,-26.0,-30.0,-15.0,12.0
2021-04-28,United Arab Emirates,-13.0,19.0,-28.0,-29.0,-15.0,12.0
2021-04-29,United Arab Emirates,-12.0,18.0,-26.0,-27.0,-15.0,13.0
2021-04-30,United Arab Emirates,-17.0,14.0,-38.0,-33.0,-6.0,9.0
2021-05-01,United Arab Emirates,-11.0,18.0,-28.0,-29.0,-7.0,9.0
2021-05-02,United Arab Emirates,-7.0,25.0,-19.0,-25.0,-15.0,12.0
2021-05-03,United Arab Emirates,-9.0,23.0,-26.0,-27.0,-15.0,12.0
2021-05-04,United Arab Emirates,-10.0,22.0,-27.0,-27.0,-16.0,12.0
2021-05-05,United Arab Emirates,-9.0,23.0,-28.0,-27.0,-15.0,12.0
2021-05-06,United Arab Emirates,-11.0,20.0,-28.0,-27.0,-16.0,13.0
2021-05-07,United Arab Emirates,-16.0,15.0,-42.0,-33.0,-5.0,9.0
2021-05-08,United Arab Emirates,-12.0,16.0,-33.0,-30.0,-6.0,9.0
2021-05-09,United Arab Emirates,-3.0,27.0,-23.0,-25.0,-14.0,11.0
2021-05-10,United Arab Emirates,0.0,30.0,-23.0,-24.0,-15.0,10.0
2021-05-11,United Arab Emirates,6.0,45.0,-19.0,-33.0,-48.0,17.0
2021-05-12,United Arab Emirates,9.0,57.0,-15.0,-34.0,-58.0,20.0
2021-05-13,United Arab Emirates,0.0,24.0,20.0,-31.0,-69.0,21.0
2021-05-14,United Arab Emirates,-4.0,14.0,-13.0,-26.0,-18.0,5.0
2021-05-15,United Arab Emirates,-6.0,17.0,-23.0,-33.0,-29.0,10.0
2021-05-16,United Arab Emirates,-4.0,24.0,-23.0,-24.0,-11.0,7.0
2021-05-17,United Arab Emirates,-6.0,21.0,-27.0,-26.0,-12.0,8.0
2021-05-18,United Arab Emirates,-6.0,21.0,-26.0,-27.0,-13.0,8.0
2021-05-19,United Arab Emirates,-6.0,20.0,-28.0,-28.0,-12.0,8.0
2021-05-20,United Arab Emirates,-5.0,20.0,-27.0,-29.0,-11.0,9.0
2021-05-21,United Arab Emirates,-10.0,15.0,-36.0,-36.0,-4.0,8.0
2021-05-22,United Arab Emirates,-7.0,17.0,-33.0,-30.0,-2.0,6.0
2021-05-23,United Arab Emirates,-4.0,21.0,-26.0,-25.0,-10.0,8.0
2021-05-24,United Arab Emirates,-7.0,18.0,-29.0,-28.0,-11.0,8.0
2021-05-25,United Arab Emirates,-7.0,19.0,-28.0,-28.0,-11.0,8.0
2021-05-26,United Arab Emirates,-5.0,20.0,-30.0,-28.0,-11.0,8.0
2021-05-27,United Arab Emirates,-1.0,24.0,-28.0,-25.0,-10.0,8.0
2021-05-28,United Arab Emirates,-5.0,20.0,-38.0,-30.0,-3.0,6.0
2021-05-29,United Arab Emirates,-1.0,25.0,-33.0,-26.0,-1.0,5.0
2021-05-30,United Arab Emirates,0.0,28.0,-26.0,-24.0,-8.0,7.0
2021-05-31,United Arab Emirates,-2.0,25.0,-30.0,-26.0,-9.0,7.0
2021-06-01,United Arab Emirates,-1.0,28.0,-28.0,-25.0,-10.0,7.0
2021-06-02,United Arab Emirates,-1.0,27.0,-30.0,-26.0,-10.0,7.0
2021-06-03,United Arab Emirates,-1.0,26.0,-31.0,-25.0,-9.0,8.0
2021-06-04,United Arab Emirates,-6.0,22.0,-43.0,-31.0,-4.0,7.0
2021-06-05,United Arab Emirates,-3.0,24.0,-36.0,-28.0,-1.0,6.0
2021-06-06,United Arab Emirates,-1.0,27.0,-29.0,-25.0,-8.0,7.0
2021-06-07,United Arab Emirates,-4.0,23.0,-32.0,-27.0,-9.0,8.0
2021-06-08,United Arab Emirates,-4.0,24.0,-31.0,-27.0,-10.0,8.0
2021-06-09,United Arab Emirates,-3.0,23.0,-32.0,-27.0,-9.0,8.0
2021-06-10,United Arab Emirates,-2.0,24.0,-32.0,-26.0,-9.0,8.0
2021-06-11,United Arab Emirates,-8.0,19.0,-43.0,-33.0,-5.0,7.0
2021-06-12,United Arab Emirates,-6.0,20.0,-37.0,-30.0,-4.0,6.0
2021-06-13,United Arab Emirates,-3.0,23.0,-29.0,-26.0,-10.0,7.0
2021-06-14,United Arab Emirates,-5.0,22.0,-32.0,-28.0,-11.0,7.0
2021-06-15,United Arab Emirates,-6.0,20.0,-31.0,-28.0,-10.0,7.0
2021-06-16,United Arab Emirates,-5.0,20.0,-31.0,-28.0,-11.0,7.0
2021-06-17,United Arab Emirates,-7.0,18.0,-33.0,-29.0,-12.0,7.0
2021-06-18,United Arab Emirates,-12.0,13.0,-44.0,-35.0,-8.0,7.0
2021-06-19,United Arab Emirates,-9.0,14.0,-39.0,-31.0,-6.0,5.0
2021-06-20,United Arab Emirates,-5.0,20.0,-31.0,-27.0,-12.0,7.0
2021-06-21,United Arab Emirates,-8.0,16.0,-35.0,-30.0,-13.0,7.0
2021-06-22,United Arab Emirates,-8.0,16.0,-33.0,-30.0,-12.0,7.0
2021-06-23,United Arab Emirates,-8.0,16.0,-35.0,-29.0,-12.0,7.0
2021-06-24,United Arab Emirates,-6.0,18.0,-34.0,-28.0,-11.0,8.0
2021-06-25,United Arab Emirates,-12.0,13.0,-45.0,-35.0,-7.0,7.0
2021-06-26,United Arab Emirates,-7.0,16.0,-38.0,-30.0,-4.0,5.0
2021-06-27,United Arab Emirates,-3.0,22.0,-30.0,-26.0,-10.0,6.0
2021-06-28,United Arab Emirates,-5.0,20.0,-33.0,-28.0,-11.0,6.0
2021-06-29,United Arab Emirates,-7.0,18.0,-34.0,-29.0,-12.0,6.0
2021-06-30,United Arab Emirates,-4.0,22.0,-35.0,-28.0,-12.0,5.0
2021-07-01,United Arab Emirates,-2.0,25.0,-35.0,-23.0,-12.0,7.0
2021-07-02,United Arab Emirates,-7.0,19.0,-46.0,-29.0,-6.0,6.0
2021-07-03,United Arab Emirates,-4.0,22.0,-39.0,-25.0,-4.0,5.0
2021-07-04,United Arab Emirates,-1.0,27.0,-31.0,-23.0,-12.0,6.0
2021-07-05,United Arab Emirates,-4.0,23.0,-34.0,-26.0,-12.0,7.0
2021-07-06,United Arab Emirates,-4.0,23.0,-34.0,-27.0,-13.0,7.0
2021-07-07,United Arab Emirates,-4.0,22.0,-35.0,-26.0,-13.0,7.0
2021-07-08,United Arab Emirates,-4.0,22.0,-35.0,-26.0,-13.0,8.0
2021-07-09,United Arab Emirates,-10.0,16.0,-48.0,-31.0,-5.0,7.0
2021-07-10,United Arab Emirates,-6.0,19.0,-40.0,-26.0,-4.0,5.0
2021-07-11,United Arab Emirates,-3.0,23.0,-33.0,-25.0,-13.0,7.0
2021-07-12,United Arab Emirates,-6.0,20.0,-36.0,-27.0,-15.0,7.0
2021-07-13,United Arab Emirates,-6.0,21.0,-35.0,-27.0,-15.0,7.0
2021-07-14,United Arab Emirates,-5.0,22.0,-37.0,-27.0,-14.0,7.0
2021-07-15,United Arab Emirates,-6.0,20.0,-38.0,-26.0,-14.0,8.0
2021-07-16,United Arab Emirates,-13.0,14.0,-49.0,-31.0,-3.0,7.0
2021-07-17,United Arab Emirates,-7.0,16.0,-38.0,-27.0,-3.0,4.0
2021-07-18,United Arab Emirates,6.0,33.0,-29.0,-22.0,-16.0,5.0
2021-07-19,United Arab Emirates,2.0,44.0,-35.0,-36.0,-56.0,18.0
2021-07-20,United Arab Emirates,-4.0,23.0,-2.0,-36.0,-72.0,20.0
2021-07-21,United Arab Emirates,-2.0,23.0,-3.0,-40.0,-68.0,20.0
2021-07-22,United Arab Emirates,-12.0,11.0,-21.0,-44.0,-59.0,21.0
2021-07-23,United Arab Emirates,-23.0,-2.0,-45.0,-40.0,-6.0,8.0
2021-07-24,United Arab Emirates,-17.0,5.0,-43.0,-33.0,-5.0,6.0
2021-07-25,United Arab Emirates,-10.0,14.0,-34.0,-29.0,-14.0,8.0
2021-07-26,United Arab Emirates,-11.0,13.0,-37.0,-31.0,-15.0,8.0
2021-07-27,United Arab Emirates,-10.0,15.0,-36.0,-32.0,-15.0,7.0
2021-07-28,United Arab Emirates,-9.0,15.0,-37.0,-31.0,-14.0,7.0
2021-07-29,United Arab Emirates,-10.0,15.0,-39.0,-30.0,-14.0,8.0
2021-07-30,United Arab Emirates,-17.0,8.0,-51.0,-37.0,-2.0,7.0
2021-07-31,United Arab Emirates,-11.0,13.0,-44.0,-30.0,-3.0,5.0
2021-08-01,United Arab Emirates,-5.0,21.0,-34.0,-27.0,-14.0,7.0
2021-08-02,United Arab Emirates,-8.0,18.0,-37.0,-30.0,-15.0,7.0
2021-08-03,United Arab Emirates,-8.0,18.0,-36.0,-30.0,-15.0,7.0
2021-08-04,United Arab Emirates,-8.0,17.0,-37.0,-30.0,-15.0,7.0
2021-08-05,United Arab Emirates,-9.0,16.0,-39.0,-30.0,-14.0,8.0
2021-08-06,United Arab Emirates,-15.0,10.0,-51.0,-35.0,-4.0,7.0
2021-08-07,United Arab Emirates,-11.0,13.0,-43.0,-31.0,-4.0,5.0
2021-08-08,United Arab Emirates,-6.0,18.0,-34.0,-27.0,-14.0,7.0
2021-08-09,United Arab Emirates,-8.0,16.0,-38.0,-29.0,-15.0,7.0
2021-08-10,United Arab Emirates,-8.0,16.0,-37.0,-28.0,-15.0,7.0
2021-08-11,United Arab Emirates,-2.0,22.0,-36.0,-25.0,-15.0,5.0
2021-08-12,United Arab Emirates,-7.0,21.0,-36.0,-41.0,-55.0,20.0
2021-08-13,United Arab Emirates,-17.0,7.0,-49.0,-36.0,-7.0,7.0
2021-08-14,United Arab Emirates,-12.0,11.0,-43.0,-30.0,-6.0,5.0
2021-08-15,United Arab Emirates,-6.0,18.0,-35.0,-25.0,-14.0,7.0
2021-08-16,United Arab Emirates,-9.0,15.0,-38.0,-28.0,-16.0,7.0
2021-08-17,United Arab Emirates,-8.0,17.0,-36.0,-28.0,-16.0,7.0
2021-08-18,United Arab Emirates,-9.0,16.0,-36.0,-28.0,-15.0,7.0
2021-08-19,United Arab Emirates,-9.0,17.0,-38.0,-28.0,-15.0,8.0
2021-08-20,United Arab Emirates,-15.0,12.0,-48.0,-33.0,-5.0,7.0
2021-08-21,United Arab Emirates,-9.0,14.0,-39.0,-28.0,-8.0,5.0
2021-08-22,United Arab Emirates,-6.0,17.0,-33.0,-25.0,-13.0,7.0
2021-08-23,United Arab Emirates,-8.0,15.0,-36.0,-28.0,-14.0,7.0
2021-08-24,United Arab Emirates,-7.0,16.0,-34.0,-27.0,-14.0,6.0
2021-08-25,United Arab Emirates,-5.0,18.0,-36.0,-26.0,-13.0,6.0
2021-08-26,United Arab Emirates,-4.0,20.0,-37.0,-25.0,-13.0,7.0
2021-08-27,United Arab Emirates,-8.0,16.0,-47.0,-31.0,-5.0,6.0
2021-08-28,United Arab Emirates,-4.0,22.0,-41.0,-26.0,-5.0,4.0
2021-08-29,United Arab Emirates,0.0,26.0,-32.0,-22.0,-12.0,6.0
2021-08-30,United Arab Emirates,-3.0,23.0,-34.0,-24.0,-13.0,6.0
2021-08-31,United Arab Emirates,-2.0,25.0,-33.0,-23.0,-13.0,5.0
2021-09-01,United Arab Emirates,0.0,27.0,-34.0,-22.0,-13.0,5.0
2021-09-02,United Arab Emirates,0.0,26.0,-34.0,-22.0,-12.0,6.0
2021-09-03,United Arab Emirates,-4.0,23.0,-43.0,-26.0,-6.0,6.0
2021-09-04,United Arab Emirates,0.0,27.0,-37.0,-23.0,-6.0,4.0
2021-09-05,United Arab Emirates,2.0,29.0,-29.0,-20.0,-12.0,5.0
2021-09-06,United Arab Emirates,-1.0,25.0,-33.0,-22.0,-13.0,5.0
2021-09-07,United Arab Emirates,-2.0,25.0,-32.0,-22.0,-13.0,5.0
2021-09-08,United Arab Emirates,-1.0,25.0,-33.0,-22.0,-12.0,5.0
2021-09-09,United Arab Emirates,0.0,26.0,-33.0,-21.0,-12.0,5.0
2021-09-10,United Arab Emirates,-4.0,22.0,-42.0,-26.0,-7.0,6.0
2021-09-11,United Arab Emirates,-1.0,25.0,-35.0,-22.0,-6.0,4.0
2021-09-12,United Arab Emirates,2.0,28.0,-27.0,-18.0,-11.0,5.0
2021-09-13,United Arab Emirates,-1.0,24.0,-30.0,-21.0,-12.0,5.0
2021-09-14,United Arab Emirates,-1.0,25.0,-29.0,-21.0,-13.0,5.0
2021-09-15,United Arab Emirates,0.0,26.0,-31.0,-20.0,-12.0,5.0
2021-09-16,United Arab Emirates,1.0,26.0,-29.0,-17.0,-12.0,5.0
2021-09-17,United Arab Emirates,-2.0,24.0,-39.0,-23.0,-8.0,6.0
2021-09-18,United Arab Emirates,0.0,25.0,-34.0,-20.0,-7.0,4.0
2021-09-19,United Arab Emirates,2.0,27.0,-25.0,-17.0,-11.0,5.0
2021-09-20,United Arab Emirates,-1.0,24.0,-29.0,-18.0,-11.0,5.0
2021-09-21,United Arab Emirates,-1.0,24.0,-27.0,-19.0,-11.0,5.0
2021-09-22,United Arab Emirates,0.0,24.0,-28.0,-18.0,-8.0,5.0
2021-09-23,United Arab Emirates,2.0,26.0,-24.0,-15.0,-8.0,5.0
2021-09-24,United Arab Emirates,-1.0,22.0,-35.0,-20.0,-5.0,5.0
2021-09-25,United Arab Emirates,1.0,25.0,-31.0,-16.0,-4.0,4.0
2021-09-26,United Arab Emirates,4.0,29.0,-24.0,-13.0,-7.0,4.0
2021-09-27,United Arab Emirates,3.0,28.0,-26.0,-15.0,-8.0,4.0
2021-09-28,United Arab Emirates,3.0,29.0,-26.0,-15.0,-8.0,4.0
2021-09-29,United Arab Emirates,5.0,31.0,-27.0,-14.0,-8.0,4.0
2021-09-30,United Arab Emirates,7.0,32.0,-25.0,-9.0,-7.0,4.0
2021-10-01,United Arab Emirates,6.0,32.0,-30.0,-9.0,-4.0,4.0
2021-10-02,United Arab Emirates,8.0,36.0,-28.0,-8.0,-4.0,3.0
2021-10-03,United Arab Emirates,10.0,38.0,-20.0,-6.0,-6.0,4.0
2021-10-04,United Arab Emirates,7.0,34.0,-22.0,-9.0,-8.0,4.0
2021-10-05,United Arab Emirates,6.0,34.0,-22.0,-9.0,-8.0,4.0
2021-10-06,United Arab Emirates,7.0,34.0,-23.0,-9.0,-6.0,4.0
2021-10-07,United Arab Emirates,8.0,33.0,-20.0,-6.0,-6.0,4.0
2021-10-08,United Arab Emirates,6.0,32.0,-25.0,-6.0,-5.0,4.0
2021-10-09,United Arab Emirates,8.0,34.0,-25.0,-6.0,-4.0,3.0
2021-10-10,United Arab Emirates,10.0,37.0,-18.0,-3.0,-5.0,4.0
2021-10-11,United Arab Emirates,7.0,34.0,-19.0,-5.0,-5.0,4.0
2021-10-12,United Arab Emirates,7.0,35.0,-17.0,-6.0,-5.0,4.0
2021-10-13,United Arab Emirates,8.0,35.0,-18.0,-6.0,-5.0,4.0
2021-10-14,United Arab Emirates,9.0,35.0,-15.0,-4.0,-5.0,4.0
2021-10-15,United Arab Emirates,6.0,31.0,-18.0,-2.0,-4.0,4.0
2021-10-16,United Arab Emirates,8.0,34.0,-19.0,-3.0,-3.0,3.0
2021-10-17,United Arab Emirates,12.0,38.0,-11.0,0.0,-6.0,4.0
2021-10-18,United Arab Emirates,9.0,34.0,-13.0,-3.0,-7.0,4.0
2021-10-19,United Arab Emirates,10.0,34.0,-12.0,-3.0,-8.0,4.0
2021-10-20,United Arab Emirates,18.0,41.0,-6.0,3.0,-7.0,2.0
2021-10-21,United Arab Emirates,16.0,44.0,18.0,-11.0,-56.0,17.0
2021-10-22,United Arab Emirates,5.0,29.0,-6.0,-3.0,-5.0,3.0
2021-10-23,United Arab Emirates,6.0,32.0,-14.0,-3.0,-2.0,3.0
2021-10-24,United Arab Emirates,8.0,32.0,-12.0,-1.0,-4.0,4.0
2021-10-25,United Arab Emirates,8.0,35.0,-12.0,-3.0,-4.0,4.0
2021-10-26,United Arab Emirates,9.0,35.0,-11.0,-3.0,-4.0,4.0
2021-10-27,United Arab Emirates,12.0,39.0,-11.0,-1.0,-3.0,3.0
2021-10-28,United Arab Emirates,13.0,40.0,-5.0,0.0,-3.0,3.0
2021-10-29,United Arab Emirates,10.0,35.0,-8.0,1.0,0.0,3.0
2021-10-30,United Arab Emirates,13.0,41.0,-11.0,3.0,0.0,2.0
2021-10-31,United Arab Emirates,17.0,45.0,-7.0,5.0,-2.0,3.0
2021-11-01,United Arab Emirates,15.0,45.0,-9.0,2.0,-3.0,3.0
2021-11-02,United Arab Emirates,17.0,48.0,-8.0,2.0,-3.0,3.0
2021-11-03,United Arab Emirates,16.0,45.0,-8.0,3.0,-3.0,3.0
2021-11-04,United Arab Emirates,18.0,45.0,-1.0,4.0,-6.0,5.0
2021-11-05,United Arab Emirates,13.0,37.0,-3.0,2.0,-2.0,3.0
2021-11-06,United Arab Emirates,14.0,40.0,-7.0,3.0,-1.0,3.0
2021-11-07,United Arab Emirates,17.0,44.0,-2.0,7.0,-2.0,4.0
2021-11-08,United Arab Emirates,14.0,40.0,-5.0,4.0,-3.0,4.0
2021-11-09,United Arab Emirates,15.0,41.0,-2.0,3.0,-3.0,4.0
2021-11-10,United Arab Emirates,16.0,42.0,-3.0,5.0,-2.0,3.0
2021-11-11,United Arab Emirates,16.0,39.0,2.0,6.0,-2.0,4.0
2021-11-12,United Arab Emirates,17.0,39.0,4.0,7.0,1.0,2.0
2021-11-13,United Arab Emirates,16.0,40.0,-2.0,7.0,0.0,3.0
2021-11-14,United Arab Emirates,19.0,43.0,2.0,12.0,-1.0,4.0
2021-11-15,United Arab Emirates,16.0,41.0,-1.0,9.0,-2.0,4.0
2021-11-16,United Arab Emirates,17.0,42.0,2.0,8.0,-2.0,4.0
2021-11-17,United Arab Emirates,17.0,42.0,1.0,7.0,-2.0,4.0
2021-11-18,United Arab Emirates,17.0,41.0,6.0,10.0,-2.0,4.0
2021-11-19,United Arab Emirates,13.0,38.0,7.0,7.0,3.0,3.0
2021-11-20,United Arab Emirates,14.0,39.0,0.0,7.0,3.0,3.0
2021-11-21,United Arab Emirates,18.0,43.0,4.0,10.0,0.0,4.0
2021-11-22,United Arab Emirates,15.0,40.0,1.0,6.0,-1.0,4.0
2021-11-23,United Arab Emirates,15.0,41.0,2.0,5.0,-1.0,4.0
2021-11-24,United Arab Emirates,17.0,42.0,2.0,6.0,0.0,4.0
2021-11-25,United Arab Emirates,19.0,44.0,7.0,11.0,-1.0,4.0
2021-11-26,United Arab Emirates,19.0,44.0,8.0,16.0,5.0,2.0
2021-11-27,United Arab Emirates,20.0,45.0,2.0,12.0,5.0,2.0
2021-11-28,United Arab Emirates,24.0,51.0,7.0,14.0,0.0,3.0
2021-11-29,United Arab Emirates,22.0,46.0,5.0,11.0,-1.0,3.0
2021-11-30,United Arab Emirates,30.0,56.0,14.0,16.0,-2.0,1.0
2021-12-01,United Arab Emirates,42.0,74.0,60.0,5.0,-52.0,11.0
2021-12-02,United Arab Emirates,30.0,55.0,86.0,4.0,-62.0,15.0
2021-12-03,United Arab Emirates,15.0,38.0,20.0,11.0,1.0,1.0
2021-12-04,United Arab Emirates,16.0,41.0,3.0,10.0,2.0,3.0
2021-12-05,United Arab Emirates,22.0,50.0,7.0,15.0,0.0,4.0
2021-12-06,United Arab Emirates,19.0,46.0,3.0,10.0,-1.0,4.0
2021-12-07,United Arab Emirates,19.0,47.0,5.0,9.0,0.0,4.0
2021-12-08,United Arab Emirates,22.0,48.0,6.0,10.0,2.0,4.0
2021-12-09,United Arab Emirates,18.0,44.0,9.0,11.0,2.0,4.0
2021-12-10,United Arab Emirates,14.0,41.0,12.0,10.0,11.0,3.0
2021-12-11,United Arab Emirates,18.0,42.0,9.0,11.0,8.0,3.0
2021-12-12,United Arab Emirates,25.0,50.0,18.0,14.0,-2.0,4.0
2021-12-13,United Arab Emirates,21.0,46.0,10.0,10.0,-3.0,5.0
2021-12-14,United Arab Emirates,21.0,47.0,12.0,10.0,-3.0,5.0
2021-12-15,United Arab Emirates,22.0,48.0,11.0,11.0,-2.0,5.0
2021-12-16,United Arab Emirates,20.0,45.0,12.0,11.0,-3.0,5.0
2021-12-17,United Arab Emirates,16.0,41.0,16.0,11.0,12.0,2.0
2021-12-18,United Arab Emirates,18.0,40.0,9.0,10.0,8.0,2.0
2021-12-19,United Arab Emirates,24.0,49.0,15.0,12.0,-4.0,5.0
2021-12-20,United Arab Emirates,21.0,45.0,12.0,8.0,-5.0,5.0
2021-12-21,United Arab Emirates,21.0,46.0,14.0,7.0,-5.0,5.0
2021-12-22,United Arab Emirates,23.0,48.0,12.0,8.0,-5.0,5.0
2021-12-23,United Arab Emirates,20.0,49.0,13.0,8.0,-5.0,6.0
2021-12-24,United Arab Emirates,15.0,44.0,11.0,8.0,14.0,2.0
2021-12-25,United Arab Emirates,17.0,38.0,13.0,6.0,1.0,3.0
2021-12-26,United Arab Emirates,25.0,48.0,17.0,8.0,-7.0,6.0
2021-12-27,United Arab Emirates,23.0,46.0,16.0,5.0,-7.0,6.0
2021-12-28,United Arab Emirates,24.0,48.0,18.0,5.0,-8.0,6.0
2021-12-29,United Arab Emirates,26.0,51.0,16.0,5.0,-8.0,6.0
2021-12-30,United Arab Emirates,23.0,53.0,16.0,6.0,-8.0,7.0
2021-12-31,United Arab Emirates,15.0,45.0,23.0,11.0,15.0,2.0
