Date,num_posts,avg_compound,neg_fraction,pos_fraction,high_negative_sentiment,high_positive_sentiment,sentiment_shift_detected,sentiment_improved,sentiment_worsened,sentiment_volatility,fear_keywords_present,anger_mentioned,sadness_keywords_present,anxiety_keywords_present,dominant_emotion_fear,dominant_emotion,mixed_emotions,covid_topic_detected,lockdown_mentioned,vaccine_mentioned,health_concern,compliance_discussed,policy_governance_discussion,solidarity_messages
2020-03-01,3,-0.32480000000000003,0.3333333333333333,0.0,1,0,0,0,0,0.45933656505878123,0,0,0,0,1,fear,0,1,1,1,1,1,1,1
2020-03-02,3,0.1858,0.0,0.3333333333333333,0,0,1,1,0,0.26276087988892105,0,0,0,0,1,fear,0,1,0,0,1,0,0,0
2020-03-03,11,0.067,0.0,0.09090909090909091,0,0,0,0,0,0.15964799916179231,0,0,0,0,1,fear,0,1,1,0,1,0,0,0
2020-03-04,8,0.025237499999999996,0.125,0.25,0,0,0,0,0,0.4764157688865368,1,0,0,0,1,fear,0,1,0,0,1,0,0,0
2020-03-05,6,-0.13238333333333333,0.0,0.0,0,0,0,0,0,0.1360178960856091,0,0,0,0,1,fear,0,1,0,0,0,0,0,1
2020-03-06,3,0.25020000000000003,0.0,0.3333333333333333,0,0,1,1,0,0.3538362333057484,0,0,0,0,1,fear,0,1,0,0,1,1,1,0
2020-03-07,10,-0.03818,0.1,0.0,0,0,1,0,1,0.11454,0,0,0,0,1,fear,0,1,0,0,1,0,1,0
2020-03-08,10,0.09435,0.1,0.3,0,0,0,0,0,0.3299196606751407,0,0,0,0,1,fear,0,1,1,0,1,0,1,1
2020-03-09,7,-0.06937142857142857,0.14285714285714285,0.14285714285714285,0,0,0,0,0,0.3923358827560376,0,0,0,0,1,fear,0,1,0,0,1,0,0,0
2020-03-10,3,0.1858,0.0,0.3333333333333333,0,0,1,1,0,0.26276087988892105,0,0,0,0,1,fear,0,1,0,0,1,0,0,0
2020-03-11,4,0.27615,0.25,0.5,0,0,0,0,0,0.5265494967237174,0,0,0,1,0,anxiety,0,1,0,0,1,0,1,1
2020-03-12,5,0.27174,0.2,0.4,0,0,0,0,0,0.5375711807751603,1,0,0,0,1,fear,0,1,1,1,0,0,1,0
2020-03-13,5,0.15682000000000001,0.2,0.4,0,0,0,0,0,0.6591535432659071,1,0,0,0,1,fear,0,1,1,0,1,0,0,0
2020-03-14,10,-0.005919999999999986,0.2,0.2,0,0,0,0,0,0.35340496827294327,0,0,0,1,0,anxiety,0,1,0,0,1,0,0,1
2020-03-15,9,0.03504444444444444,0.1111111111111111,0.2222222222222222,0,0,0,0,0,0.323594582124372,0,0,0,0,1,fear,0,1,0,0,1,0,1,0
2020-03-16,6,-0.21458333333333335,0.3333333333333333,0.16666666666666666,0,0,1,0,1,0.6697613789419499,1,0,0,1,0,anxiety,1,1,1,0,1,1,1,1
2020-03-17,6,0.04933333333333333,0.0,0.0,0,0,1,1,0,0.11031268688998962,0,0,0,0,1,fear,0,1,0,0,0,0,0,0
2020-03-18,4,-0.15475,0.25,0.0,0,0,1,0,1,0.22081218829584565,0,0,0,0,1,fear,0,1,0,0,1,0,1,0
2020-03-19,6,0.36884999999999996,0.0,0.6666666666666666,0,1,1,1,0,0.46377547998286117,0,0,0,1,0,anxiety,0,1,0,0,1,1,0,1
2020-03-20,5,-0.2191,0.6,0.2,0,0,1,0,1,0.5895006904152021,0,1,1,1,0,anger,1,1,1,0,1,1,1,1
2020-03-21,8,0.17125,0.0,0.25,0,0,1,1,0,0.30004541322939765,0,0,0,0,1,fear,0,1,0,0,1,0,1,0
2020-03-22,4,0.2201,0.0,0.25,0,0,0,0,0,0.3246492491905687,0,0,0,0,1,fear,0,1,0,0,0,1,0,0
2020-03-23,10,0.09505,0.3,0.4,0,0,0,0,0,0.49509276756987675,0,0,0,0,1,fear,0,1,1,0,1,1,0,0
2020-03-24,7,0.09888571428571427,0.14285714285714285,0.42857142857142855,0,0,0,0,0,0.4977097129525874,0,0,0,0,1,fear,0,1,1,0,1,1,1,1
2020-03-25,14,0.06100714285714287,0.35714285714285715,0.2857142857142857,0,0,0,0,0,0.5466967224865639,0,0,0,0,1,fear,0,1,1,0,1,1,1,1
2020-03-26,4,-0.496625,0.75,0.0,1,0,1,0,1,0.300039317215261,0,1,0,0,0,anger,0,1,1,0,0,0,0,0
2020-03-27,6,-0.16416666666666668,0.3333333333333333,0.16666666666666666,0,0,1,1,0,0.4870576888031049,0,0,0,0,1,fear,0,1,1,0,1,1,1,0
2020-03-28,12,0.4533666666666667,0.0,0.5,0,1,1,1,0,0.45584405289041074,1,0,0,0,1,fear,0,1,1,0,1,1,1,1
2020-03-29,12,0.17871666666666666,0.08333333333333333,0.3333333333333333,0,0,1,0,1,0.46573761717898154,1,0,0,0,1,fear,0,1,1,0,1,1,1,1
2020-03-30,9,0.28484444444444446,0.2222222222222222,0.4444444444444444,0,0,0,0,0,0.5769959447404406,0,0,0,0,1,fear,0,1,1,0,1,1,0,1
2020-03-31,12,0.23398333333333332,0.08333333333333333,0.25,0,0,0,0,0,0.4469985306339261,1,0,0,0,1,fear,0,1,1,0,1,0,0,1
2020-04-01,7,0.02382857142857144,0.2857142857142857,0.2857142857142857,0,0,1,0,1,0.5413374171287937,0,0,0,0,1,fear,0,1,1,0,1,1,0,1
2020-04-02,9,-0.1595,0.3333333333333333,0.1111111111111111,0,0,0,0,0,0.4277318033015029,0,0,0,0,1,fear,0,1,1,0,1,1,1,0
2020-04-03,2,0.4467,0.0,0.5,0,1,1,1,0,0.4467,0,0,0,0,1,fear,0,1,0,0,0,0,0,0
2020-04-04,7,-0.4088,0.7142857142857143,0.0,1,0,1,0,1,0.25185961509199073,0,0,0,0,1,fear,0,1,1,0,0,1,0,0
2020-04-05,16,-0.041925,0.1875,0.25,0,0,1,1,0,0.4320282029277718,1,0,0,0,1,fear,0,1,1,0,1,1,1,1
2020-04-06,9,0.3818111111111111,0.1111111111111111,0.4444444444444444,0,1,1,1,0,0.4950419453483927,0,0,0,1,0,anxiety,0,1,1,0,1,0,0,1
2020-04-07,3,0.03623333333333336,0.3333333333333333,0.3333333333333333,0,0,1,0,1,0.37340657317311504,0,0,0,0,1,fear,0,1,0,0,0,0,0,0
2020-04-08,7,0.3602714285714286,0.14285714285714285,0.5714285714285714,0,1,1,1,0,0.42490126824369684,0,0,0,0,1,fear,0,1,1,0,1,1,1,1
2020-04-09,8,0.033425,0.25,0.25,0,0,1,0,1,0.49142799001990106,0,0,0,1,0,anxiety,0,1,1,0,1,0,0,1
2020-04-10,12,0.13804166666666665,0.08333333333333333,0.25,0,0,0,0,0,0.34788443832766586,0,0,0,0,1,fear,0,1,1,0,1,1,1,1
2020-04-11,7,0.058742857142857145,0.2857142857142857,0.2857142857142857,0,0,0,0,0,0.5995156541674594,0,0,0,1,0,anxiety,0,1,1,0,0,0,1,0
2020-04-12,4,0.100475,0.0,0.25,0,0,0,0,0,0.17402780489048295,0,0,0,0,1,fear,0,1,1,0,0,0,0,0
2020-04-13,6,-0.016983333333333333,0.16666666666666666,0.16666666666666666,0,0,0,0,0,0.28469599234192877,0,0,0,0,1,fear,0,1,0,0,0,0,0,1
2020-04-14,9,0.5687666666666666,0.0,0.7777777777777778,0,1,1,1,0,0.32386955879043516,0,0,0,0,1,fear,0,1,1,0,1,1,0,1
2020-04-15,11,0.1731090909090909,0.2727272727272727,0.5454545454545454,0,0,1,0,1,0.4500422736801217,0,0,0,0,1,fear,0,1,1,0,0,0,1,1
2020-04-16,8,0.28585,0.125,0.375,0,0,0,0,0,0.44136504166052837,1,0,0,1,1,fear,1,1,1,0,1,0,0,1
2020-04-17,3,0.1748333333333333,0.3333333333333333,0.6666666666666666,0,0,0,0,0,0.5125637608033646,0,0,0,0,1,fear,0,1,0,0,1,0,1,0
2020-04-18,12,0.17800833333333332,0.16666666666666666,0.3333333333333333,0,0,0,0,0,0.4674497449964245,1,0,0,0,1,fear,0,1,1,0,1,1,1,1
2020-04-19,6,0.4399166666666667,0.0,0.5,0,1,1,1,0,0.37137656278888803,0,0,0,0,1,fear,0,1,1,0,1,0,1,0
2020-04-20,9,0.4610777777777778,0.1111111111111111,0.6666666666666666,0,1,0,0,0,0.49951887691563945,0,0,1,1,0,sadness,1,1,1,0,1,0,1,1
2020-04-21,8,0.188125,0.25,0.5,0,0,1,0,1,0.6175015966578549,0,0,0,0,1,fear,0,1,1,0,0,1,0,1
2020-04-22,11,0.18734545454545454,0.2727272727272727,0.6363636363636364,0,0,0,0,0,0.6072097441481237,1,1,0,0,1,fear,1,1,1,0,1,1,1,1
2020-04-23,8,0.4035875,0.125,0.625,0,1,1,1,0,0.5993074407962494,0,0,0,0,1,fear,0,1,1,0,1,1,1,1
2020-04-24,4,0.492425,0.0,0.75,0,1,0,0,0,0.2999327955976138,0,0,0,0,1,fear,0,1,0,0,1,0,0,0
2020-04-25,13,0.2419153846153846,0.07692307692307693,0.3076923076923077,0,0,1,0,1,0.4271336502172698,0,0,0,0,1,fear,0,1,1,0,1,1,0,1
2020-04-26,7,-0.036742857142857126,0.42857142857142855,0.2857142857142857,0,0,1,0,1,0.6402644852093611,1,0,0,1,1,fear,1,1,1,0,1,0,1,1
2020-04-27,9,0.31007777777777773,0.1111111111111111,0.5555555555555556,0,1,1,1,0,0.5761489675765341,0,0,1,0,0,sadness,0,1,1,0,1,1,1,1
2020-04-28,5,0.08386,0.2,0.4,0,0,1,0,1,0.5189371969708859,0,0,0,0,1,fear,0,1,1,0,1,0,0,0
2020-04-29,1,0.0,0.0,0.0,0,0,0,0,0,0.0,0,0,0,0,1,fear,0,1,0,0,0,0,0,0
2020-04-30,5,-0.42219999999999996,0.8,0.0,1,0,1,0,1,0.2268481783043452,0,0,0,0,1,fear,0,1,1,1,1,0,0,0
2020-05-01,7,0.2428,0.0,0.5714285714285714,0,0,1,1,0,0.21241642390092424,0,0,0,0,1,fear,0,1,0,0,1,0,0,0
2020-05-02,7,0.11221428571428571,0.14285714285714285,0.14285714285714285,0,0,0,0,0,0.3900408858735982,0,0,0,0,1,fear,0,1,1,0,1,0,1,1
2020-05-03,4,0.258475,0.25,0.5,0,0,0,0,0,0.48525807759892053,0,0,0,0,1,fear,0,1,1,0,1,0,0,1
2020-05-04,1,0.6705,0.0,1.0,0,1,1,1,0,0.0,0,0,0,0,1,fear,0,1,0,0,0,0,0,0
2020-05-05,10,-0.20468999999999998,0.3,0.1,0,0,1,0,1,0.4423044595072494,1,0,1,0,1,fear,1,1,1,0,1,0,1,1
2020-05-06,6,0.21298333333333333,0.3333333333333333,0.5,0,0,1,1,0,0.6358684780588584,0,0,0,0,1,fear,0,1,0,0,1,0,1,1
2020-05-07,5,0.45810000000000006,0.0,0.4,0,1,1,1,0,0.40316849579301206,0,0,0,0,1,fear,0,1,1,0,1,0,1,1
2020-05-08,7,0.5627,0.0,0.8571428571428571,0,1,0,0,0,0.27997012085475936,0,0,0,0,1,fear,0,1,1,0,1,0,1,1
2020-05-09,3,-0.06743333333333333,0.0,0.0,0,0,1,0,1,0.09536513455602572,0,0,0,0,1,fear,0,1,0,0,1,0,0,0
2020-05-10,7,0.23955714285714286,0.0,0.2857142857142857,0,0,1,1,0,0.36614029261684794,0,0,0,0,1,fear,0,1,1,0,1,0,0,1
2020-05-11,6,0.18643333333333334,0.16666666666666666,0.5,0,0,0,0,0,0.47793309387635236,0,0,0,0,1,fear,0,1,0,0,1,0,1,1
2020-05-12,6,0.15178333333333335,0.16666666666666666,0.5,0,0,0,0,0,0.4790629444261184,0,0,0,0,1,fear,0,1,1,0,0,0,0,0
2020-05-13,6,-0.03381666666666666,0.3333333333333333,0.16666666666666666,0,0,0,0,0,0.38724280245803866,0,0,0,0,1,fear,0,1,1,0,1,0,1,1
2020-05-14,7,0.47058571428571433,0.0,0.5714285714285714,0,1,1,1,0,0.3215626196673782,1,0,0,0,1,fear,0,1,1,0,1,0,0,1
2020-05-15,4,-0.3198,0.5,0.0,1,0,1,0,1,0.3325545669510494,0,0,0,0,1,fear,0,1,0,0,0,0,0,0
2020-05-16,6,-0.3570333333333333,0.5,0.0,1,0,0,0,0,0.3106362002228473,0,0,0,0,1,fear,0,1,0,0,0,0,0,0
2020-05-17,4,0.123,0.25,0.25,0,0,1,1,0,0.537452328118504,0,0,0,0,1,fear,0,1,0,0,1,0,0,1
2020-05-18,11,0.4103454545454545,0.18181818181818182,0.6363636363636364,0,1,1,1,0,0.5263993616389407,0,0,1,0,0,sadness,0,1,1,0,1,0,1,1
2020-05-19,9,-0.07288888888888889,0.3333333333333333,0.2222222222222222,0,0,1,0,1,0.45786077079402504,0,0,0,0,1,fear,0,1,1,0,1,1,1,1
2020-05-20,4,0.114225,0.25,0.25,0,0,0,0,0,0.5233947954221555,0,0,0,0,1,fear,0,1,0,0,1,0,0,1
2020-05-21,4,-0.02800000000000001,0.25,0.25,0,0,0,0,0,0.3932302696894022,0,0,0,0,1,fear,0,1,0,0,1,0,0,1
2020-05-22,4,0.040650000000000006,0.25,0.25,0,0,0,0,0,0.29457053909038494,0,0,0,0,1,fear,0,1,1,0,0,1,0,0
2020-05-23,4,0.325075,0.0,0.25,0,1,1,1,0,0.3233496665762932,0,0,1,0,0,sadness,0,1,0,0,1,1,0,0
2020-05-24,2,0.2899,0.0,0.5,0,0,0,0,0,0.4825,0,0,0,0,1,fear,0,1,0,0,0,0,0,1
2020-05-25,3,0.40986666666666666,0.0,0.6666666666666666,0,1,0,0,0,0.3534339102136196,0,0,0,0,1,fear,0,1,1,0,0,0,0,1
2020-05-26,3,0.3852,0.0,0.6666666666666666,0,1,0,0,0,0.2897415860153089,0,0,0,0,1,fear,0,0,1,0,1,0,0,1
2020-05-27,6,-0.08391666666666668,0.3333333333333333,0.16666666666666666,0,0,1,0,1,0.4686433911361127,1,0,0,0,1,fear,0,1,1,0,1,1,0,1
2020-05-28,7,0.09981428571428573,0.2857142857142857,0.42857142857142855,0,0,0,0,0,0.7568807972359252,0,1,0,1,0,anxiety,1,1,1,0,1,1,1,1
2020-05-29,4,0.5087,0.0,1.0,0,1,1,1,0,0.16133962625468054,0,0,0,0,1,fear,0,1,1,0,1,1,0,0
2020-05-30,3,0.48313333333333336,0.0,0.6666666666666666,0,1,0,0,0,0.34228075545603726,0,0,0,0,1,fear,0,1,0,0,0,0,0,1
2020-05-31,3,-0.24816666666666667,0.6666666666666666,0.3333333333333333,0,0,1,0,1,0.537750167105713,0,0,0,0,1,fear,0,1,1,0,0,1,0,0
2020-06-01,2,0.10115,0.0,0.0,0,0,1,1,0,0.10115,0,0,0,0,1,fear,0,1,1,0,0,1,0,0
2020-06-02,7,0.5314714285714286,0.0,0.5714285714285714,0,1,1,1,0,0.3696491684761404,0,0,0,0,1,fear,0,1,1,0,1,0,0,1
2020-06-03,2,0.905,0.0,1.0,0,1,1,1,0,0.09360000000000002,0,0,0,1,0,anxiety,0,1,0,0,0,0,0,1
2020-06-04,1,-0.743,1.0,0.0,1,0,1,0,1,0.0,1,0,0,0,1,fear,0,1,0,0,0,0,0,0
2020-06-05,2,0.32749999999999996,0.0,0.5,0,1,1,1,0,0.3533,0,0,0,0,1,fear,0,1,0,0,0,1,0,0
2020-06-06,3,0.021599999999999994,0.3333333333333333,0.3333333333333333,0,0,1,0,1,0.7338830015745017,0,0,0,0,1,fear,0,1,1,0,0,1,0,1
2020-06-07,3,0.5647666666666666,0.0,1.0,0,1,1,1,0,0.2846373169881669,0,0,0,0,1,fear,0,1,1,0,0,1,0,1
2020-06-08,4,0.590925,0.0,0.75,0,1,0,0,0,0.46830732097096245,0,0,0,0,1,fear,0,1,1,0,0,1,0,1
2020-06-09,2,-0.08430000000000004,0.5,0.5,0,0,1,0,1,0.9011,0,0,0,0,1,fear,0,0,1,0,1,1,0,1
2020-06-10,3,-0.48900000000000005,0.6666666666666666,0.0,1,0,1,0,1,0.5068642092973884,1,0,0,0,1,fear,0,1,1,0,1,0,1,0
2020-06-11,7,0.25695714285714283,0.0,0.2857142857142857,0,0,1,1,0,0.2488758488951174,0,0,0,0,1,fear,0,1,1,0,1,1,0,1
2020-06-12,4,0.705575,0.0,0.75,0,1,1,1,0,0.4135075838179996,0,0,0,0,1,fear,0,1,0,0,0,1,0,1
2020-06-13,1,0.6767,0.0,1.0,0,1,0,0,0,0.0,0,0,0,0,1,fear,0,0,1,0,0,0,0,1
2020-06-14,6,-0.0027499999999999977,0.3333333333333333,0.3333333333333333,0,0,1,0,1,0.5598401579915467,1,0,0,1,1,fear,1,1,1,0,1,1,1,1
2020-06-15,3,0.39233333333333337,0.0,0.6666666666666666,0,1,1,1,0,0.2920540170737066,0,0,0,0,1,fear,0,1,0,0,1,0,0,1
2020-06-16,4,0.816525,0.0,1.0,0,1,1,1,0,0.0658889738499546,0,0,0,0,1,fear,0,1,1,0,1,0,1,1
2020-06-17,2,0.1591,0.0,0.5,0,0,1,0,1,0.1591,0,0,0,0,1,fear,0,0,1,0,0,0,0,0
2020-06-18,5,-0.04082,0.2,0.2,0,0,0,0,0,0.29782070713770054,0,0,0,0,1,fear,0,1,0,0,0,0,0,0
2020-06-19,4,-0.04342499999999999,0.5,0.5,0,0,0,0,0,0.4620532673566977,0,0,0,0,1,fear,0,1,1,0,0,1,0,0
2020-06-20,2,-0.31015000000000004,0.5,0.0,1,0,1,0,1,0.06015000000000001,0,0,0,0,1,fear,0,1,0,0,0,1,0,0
2020-06-21,1,0.9468,0.0,1.0,0,1,1,1,0,0.0,0,0,0,0,1,fear,0,0,0,0,0,0,0,0
2020-06-22,4,0.03724999999999999,0.25,0.25,0,0,1,0,1,0.5193737502993389,0,0,0,0,1,fear,0,1,0,0,0,0,1,1
2020-06-23,5,0.0358,0.4,0.4,0,0,0,0,0,0.42193670141384954,0,0,0,0,1,fear,0,1,1,1,1,1,0,0
2020-06-24,10,0.29359999999999997,0.1,0.5,0,0,1,1,0,0.5499518560746931,0,0,1,0,0,sadness,0,1,1,1,1,1,1,1
2020-06-25,5,0.06902,0.2,0.2,0,0,1,0,1,0.3606483184488734,0,0,0,0,1,fear,0,1,1,1,1,0,0,0
2020-06-26,4,0.07477500000000001,0.25,0.25,0,0,0,0,0,0.5074788782550462,0,0,0,0,1,fear,0,1,1,0,1,1,1,0
2020-06-27,3,0.4683,0.3333333333333333,0.6666666666666666,0,1,1,1,0,0.6043522207013611,0,0,0,0,1,fear,0,1,0,0,0,0,0,1
2020-06-28,4,0.38085,0.0,0.75,0,1,0,0,0,0.42382560977364264,0,0,0,0,1,fear,0,1,0,0,1,0,0,0
2020-06-29,5,0.29402,0.2,0.6,0,0,0,0,0,0.5432488983882066,0,0,0,0,1,fear,0,1,1,0,1,0,0,0
2020-06-30,2,-0.61215,1.0,0.0,1,0,1,0,1,0.012749999999999984,0,0,0,0,1,fear,0,1,0,0,1,0,0,0
2020-07-01,7,0.17807142857142852,0.2857142857142857,0.5714285714285714,0,0,1,1,0,0.7240668412600074,1,0,0,0,1,fear,0,1,1,0,1,1,1,1
2020-07-02,2,0.4506,0.0,0.5,0,1,1,1,0,0.4506,0,0,0,0,1,fear,0,1,1,0,1,0,0,0
2020-07-03,6,0.06363333333333335,0.3333333333333333,0.3333333333333333,0,0,1,0,1,0.4199349499889503,0,0,0,0,1,fear,0,1,1,0,1,0,1,0
2020-07-04,4,0.236175,0.0,0.25,0,0,0,0,0,0.4090670994775796,0,0,0,0,1,fear,0,1,1,0,1,0,0,1
2020-07-05,7,0.30942857142857144,0.14285714285714285,0.7142857142857143,0,1,0,0,0,0.4268885258113502,0,0,0,0,1,fear,0,1,1,0,1,1,0,0
2020-07-06,2,0.84345,0.0,1.0,0,1,1,1,0,0.15594999999999998,0,0,1,1,0,sadness,1,1,0,0,1,1,1,1
2020-07-07,2,0.2427,0.0,0.5,0,0,1,0,1,0.2427,0,0,0,0,1,fear,0,0,0,0,0,0,0,1
2020-07-08,3,0.3116,0.0,0.3333333333333333,0,1,0,0,0,0.4406689460354564,0,1,0,0,0,anger,0,1,0,0,1,0,1,1
2020-07-09,3,0.6164666666666666,0.0,1.0,0,1,1,1,0,0.1457208823592403,0,0,0,0,1,fear,0,1,0,0,0,0,0,0
2020-07-10,2,-0.3618,0.5,0.0,1,0,1,0,1,0.5544,0,0,0,0,1,fear,0,0,1,0,0,0,0,1
2020-07-11,1,-0.264,0.0,0.0,0,0,0,0,0,0.0,1,0,0,0,1,fear,0,1,0,0,0,0,0,1
2020-07-12,3,0.6562666666666667,0.0,1.0,0,1,1,1,0,0.09901657549229938,0,0,0,0,1,fear,0,1,1,0,0,0,0,1
2020-07-13,5,0.42004,0.2,0.8,0,1,1,0,1,0.5609447445158926,0,0,0,0,1,fear,0,1,1,0,0,1,0,1
2020-07-14,6,0.2784,0.0,0.3333333333333333,0,0,0,0,0,0.39444543771392937,0,0,0,0,1,fear,0,1,0,1,1,0,0,0
2020-07-15,9,0.26345555555555555,0.1111111111111111,0.4444444444444444,0,0,0,0,0,0.6085479367790385,0,0,1,0,0,sadness,0,1,1,0,1,1,1,1
2020-07-16,4,0.16915000000000002,0.0,0.25,0,0,0,0,0,0.47935369770139463,0,0,0,0,1,fear,0,1,0,0,1,0,0,1
2020-07-17,6,-0.36191666666666666,0.5,0.0,1,0,1,0,1,0.37838570452501097,0,0,0,0,1,fear,0,1,0,0,1,1,1,1
2020-07-18,4,0.0382,0.25,0.25,0,0,1,1,0,0.27308262485921725,0,0,0,0,1,fear,0,1,0,1,1,1,0,1
2020-07-20,1,0.7271,0.0,1.0,0,1,1,1,0,0.0,0,0,0,0,1,fear,0,1,0,0,0,0,0,0
2020-07-21,3,0.47596666666666665,0.0,0.6666666666666666,0,1,1,0,1,0.17971348184138983,0,0,0,0,1,fear,0,1,0,0,0,0,0,0
2020-07-22,2,0.9773000000000001,0.0,1.0,0,1,1,1,0,0.014500000000000013,0,0,1,1,0,sadness,1,1,0,1,0,0,1,1
2020-07-23,3,0.4276,0.0,0.6666666666666666,0,1,1,0,1,0.3133795568741948,0,0,0,0,1,fear,0,1,0,0,0,0,0,1
2020-07-24,5,-0.17064,0.4,0.0,0,0,1,0,1,0.2741698568406089,0,0,0,0,1,fear,0,1,0,0,1,0,0,0
2020-07-25,2,-0.7242500000000001,1.0,0.0,1,0,1,0,1,0.13484999999999997,0,0,0,0,1,fear,0,1,1,0,0,1,0,0
2020-07-26,1,0.7901,0.0,1.0,0,1,1,1,0,0.0,0,0,0,0,1,fear,0,0,0,1,0,0,0,0
2020-07-27,1,0.9531,0.0,1.0,0,1,0,0,0,0.0,0,0,0,0,1,fear,0,1,0,0,0,0,0,0
2020-07-28,1,0.7522,0.0,1.0,0,1,1,0,1,0.0,1,0,0,0,1,fear,0,1,0,0,0,0,0,1
2020-07-29,1,-0.4404,1.0,0.0,1,0,1,0,1,0.0,0,0,0,0,1,fear,0,1,0,0,0,0,0,0
2020-07-30,4,0.017500000000000016,0.25,0.5,0,0,1,1,0,0.6220115191859392,0,0,0,0,1,fear,0,1,1,0,1,0,1,1
2020-07-31,7,0.5301,0.0,0.7142857142857143,0,1,1,1,0,0.348473200445273,0,0,0,0,1,fear,0,1,1,0,0,0,1,1
2020-08-01,2,-0.46595,0.5,0.0,1,0,1,0,1,0.46595,0,0,0,0,1,fear,0,1,0,0,1,0,0,1
2020-08-02,6,0.3196833333333333,0.16666666666666666,0.5,0,1,1,1,0,0.6220330897325498,1,0,1,0,1,fear,1,1,1,0,1,1,1,1
2020-08-03,5,-0.006439999999999996,0.2,0.2,0,0,1,0,1,0.2477562156637044,0,0,0,0,1,fear,0,1,0,0,1,0,0,0
2020-08-04,8,-0.019862499999999998,0.25,0.25,0,0,0,0,0,0.4887534243805868,0,0,0,1,0,anxiety,0,1,1,1,1,0,1,0
2020-08-07,4,-0.04187500000000001,0.25,0.25,0,0,0,0,0,0.38493528920456227,0,0,0,0,1,fear,0,1,0,1,0,0,0,0
2020-08-08,1,0.0,0.0,0.0,0,0,0,0,0,0.0,0,0,0,0,1,fear,0,1,1,1,0,0,0,0
2020-08-09,3,0.2970333333333333,0.3333333333333333,0.6666666666666666,0,0,1,1,0,0.7004650566270637,0,1,0,0,0,anger,0,1,1,0,1,0,0,1
2020-08-10,5,-0.04411999999999999,0.4,0.4,0,0,1,0,1,0.46959195648988705,1,0,0,0,1,fear,0,1,1,1,1,0,1,0
2020-08-11,2,0.9775,0.0,1.0,0,1,1,1,0,0.005500000000000005,0,0,0,1,0,anxiety,0,1,0,0,1,0,1,1
2020-08-12,3,0.5514,0.0,0.6666666666666666,0,1,1,0,1,0.40587607304036366,0,0,0,0,1,fear,0,1,0,1,1,0,0,1
2020-08-13,3,0.5162333333333333,0.0,0.6666666666666666,0,1,0,0,0,0.5388404670112378,0,0,0,0,1,fear,0,1,0,1,0,0,0,1
2020-08-14,5,0.8820399999999999,0.0,1.0,0,1,1,1,0,0.06026374034193363,1,0,0,0,1,fear,0,1,1,0,0,1,0,1
2020-08-15,3,0.4712,0.3333333333333333,0.6666666666666666,0,1,1,0,1,0.5587785667566953,0,0,1,1,0,sadness,1,1,0,0,1,0,0,1
2020-08-16,1,0.8374,0.0,1.0,0,1,1,1,0,0.0,0,0,0,0,1,fear,0,1,1,0,0,0,1,0
2020-08-17,5,0.23124000000000003,0.2,0.4,0,0,1,0,1,0.6669195411741959,1,0,0,0,1,fear,0,1,0,0,1,0,0,0
2020-08-18,4,0.639525,0.0,0.75,0,1,1,1,0,0.3421529071555582,1,0,0,0,1,fear,0,1,1,0,1,0,1,1
2020-08-19,2,0.20339999999999997,0.5,0.5,0,0,1,0,1,0.7584,0,0,0,0,1,fear,0,1,1,0,0,0,0,1
2020-08-20,3,0.3211,0.0,0.3333333333333333,0,1,0,0,0,0.45410397487800086,0,0,0,0,1,fear,0,1,1,0,1,1,0,1
2020-08-21,2,0.7474000000000001,0.0,1.0,0,1,1,1,0,0.23679999999999995,0,0,0,0,1,fear,0,1,0,0,1,0,0,0
2020-08-22,8,0.3829125,0.0,0.375,0,1,1,0,1,0.3773533736350452,0,0,0,0,1,fear,0,1,0,1,1,1,1,1
2020-08-23,2,0.21075,0.0,0.5,0,0,0,0,0,0.21075,0,0,0,0,1,fear,0,1,0,1,1,0,0,0
2020-08-24,2,-0.5987,1.0,0.0,1,0,1,0,1,0.0007000000000000339,0,0,0,0,1,fear,0,1,0,0,1,0,0,0
2020-08-25,4,-0.39180000000000004,0.5,0.0,1,0,1,1,0,0.5435643660138144,0,0,0,0,1,fear,0,1,1,1,0,1,0,0
2020-08-27,4,-0.007199999999999995,0.25,0.25,0,0,1,1,0,0.31628946394086543,0,0,0,0,1,fear,0,1,1,0,1,1,0,0
2020-08-28,2,-0.1806,0.5,0.0,0,0,0,0,0,0.1806,0,0,0,0,1,fear,0,1,0,0,0,0,0,0
2020-08-29,3,0.6825333333333333,0.0,1.0,0,1,1,1,0,0.21582859454257264,0,0,0,0,1,fear,0,1,1,0,1,1,0,1
2020-08-30,2,-0.27304999999999996,0.5,0.0,0,0,1,0,1,0.29884999999999995,0,0,0,0,1,fear,0,0,0,1,0,0,0,0
2020-08-31,5,-0.1784,0.2,0.0,0,0,0,0,0,0.3568000000000001,0,0,0,0,1,fear,0,1,0,0,0,1,0,0
2020-09-01,3,0.16463333333333333,0.0,0.3333333333333333,0,0,1,1,0,0.23282669281869056,0,0,0,0,1,fear,0,1,0,0,1,0,0,0
2020-09-02,4,0.773025,0.0,1.0,0,1,1,1,0,0.19564280430161496,0,0,0,0,1,fear,0,1,0,0,0,0,0,1
2020-09-03,1,0.5426,0.0,1.0,0,1,1,0,1,0.0,1,0,0,0,1,fear,0,1,0,0,1,0,0,0
2020-09-04,2,0.80355,0.0,1.0,0,1,1,1,0,0.19105,0,0,0,0,1,fear,0,1,0,0,1,1,1,0
2020-09-05,2,0.24789999999999998,0.0,0.5,0,0,1,0,1,0.41179999999999994,0,0,0,0,1,fear,0,1,0,0,0,0,0,1
2020-09-07,3,0.8805999999999999,0.0,1.0,0,1,1,1,0,0.07625798318864721,0,0,0,0,1,fear,0,1,0,0,0,1,0,1
2020-09-08,4,0.486275,0.25,0.75,0,1,1,0,1,0.6355259096803215,0,0,0,0,1,fear,0,1,0,0,1,1,0,1
2020-09-10,2,0.46309999999999996,0.0,1.0,0,1,0,0,0,0.09569999999999998,1,0,0,0,1,fear,0,1,1,0,1,1,1,1
2020-09-11,2,0.37935,0.0,0.5,0,1,0,0,0,0.37935,0,0,0,0,1,fear,0,1,0,0,1,1,0,0
2020-09-12,5,0.36563999999999997,0.4,0.6,0,1,0,0,0,0.7248137460065172,0,0,0,0,1,fear,0,1,0,0,1,1,0,1
2020-09-13,3,-0.1345666666666667,0.3333333333333333,0.3333333333333333,0,0,1,0,1,0.6363869699762524,0,0,0,0,1,fear,0,1,0,0,1,1,0,1
2020-09-14,7,0.05525714285714286,0.42857142857142855,0.42857142857142855,0,0,0,0,0,0.42384693280591235,0,0,0,0,1,fear,0,1,0,1,1,1,0,0
2020-09-15,3,0.47236666666666666,0.0,0.6666666666666666,0,1,1,1,0,0.3965311281041572,0,0,0,0,1,fear,0,1,0,1,1,0,0,1
2020-09-16,6,0.14275,0.16666666666666666,0.3333333333333333,0,0,1,0,1,0.4241931704227843,0,0,0,0,1,fear,0,1,0,1,1,0,0,1
2020-09-17,4,-0.066625,0.25,0.25,0,0,1,0,1,0.30226156202037996,0,0,0,0,1,fear,0,1,0,0,1,1,1,1
2020-09-18,2,-0.12969999999999998,0.5,0.5,0,0,0,0,0,0.6871,0,0,0,0,1,fear,0,1,0,0,1,1,1,1
2020-09-19,3,0.47046666666666664,0.0,0.6666666666666666,0,1,1,1,0,0.3889848097576848,0,0,0,0,1,fear,0,1,0,1,1,1,1,1
2020-09-20,1,0.6249,0.0,1.0,0,1,0,0,0,0.0,0,0,0,0,1,fear,0,0,0,0,0,0,0,0
2020-09-21,3,0.11476666666666668,0.3333333333333333,0.3333333333333333,0,0,1,0,1,0.5763505087087968,0,0,0,0,1,fear,0,1,0,0,1,0,0,1
2020-09-22,3,0.6308666666666667,0.0,0.6666666666666666,0,1,1,1,0,0.44742511726048145,0,0,0,0,1,fear,0,1,0,0,1,1,0,1
2020-09-23,3,0.2474333333333333,0.3333333333333333,0.6666666666666666,0,0,1,0,1,0.5050837972279671,1,0,0,0,1,fear,0,1,0,0,1,1,0,1
2020-09-24,3,-0.025899999999999996,0.6666666666666666,0.3333333333333333,0,0,1,0,1,0.7132044073522448,0,0,0,1,0,anxiety,0,1,0,0,1,0,0,1
2020-09-25,1,0.9907,0.0,1.0,0,1,1,1,0,0.0,0,0,0,0,1,fear,0,1,0,0,1,0,0,1
2020-09-26,4,0.8296,0.0,1.0,0,1,0,0,0,0.03898672851112284,0,0,0,0,1,fear,0,1,0,0,0,0,1,1
2020-09-27,2,0.89865,0.0,1.0,0,1,0,0,0,0.08144999999999997,0,0,0,0,1,fear,0,1,0,0,0,0,0,1
2020-09-28,2,0.11315,0.0,0.0,0,0,1,0,1,0.11315,0,0,0,0,1,fear,0,1,0,0,1,0,0,1
2020-09-29,3,0.645,0.0,1.0,0,1,1,1,0,0.13283089500062348,0,0,0,0,1,fear,0,1,0,0,0,1,0,1
2020-09-30,3,0.24376666666666666,0.0,0.3333333333333333,0,0,1,0,1,0.3165324241772958,0,0,0,0,1,fear,0,1,0,1,1,0,0,0
2020-10-01,5,0.24419999999999997,0.2,0.4,0,0,0,0,0,0.5544064610013126,0,0,0,0,1,fear,0,1,1,1,1,0,1,1
2020-10-02,4,0.557075,0.0,0.75,0,1,1,1,0,0.39081948118664706,0,0,0,0,1,fear,0,1,0,0,1,1,1,1
2020-10-03,2,0.1724,0.5,0.5,0,0,1,0,1,0.7718,0,0,0,0,1,fear,0,1,0,0,0,1,1,0
2020-10-04,6,0.31945,0.0,0.5,0,1,0,0,0,0.27626826183982844,0,0,0,0,1,fear,0,1,0,0,1,1,0,1
2020-10-05,5,0.19672,0.2,0.4,0,0,0,0,0,0.6072447262842223,1,0,0,0,1,fear,0,1,0,0,1,1,0,1
2020-10-06,2,0.9884,0.0,1.0,0,1,1,1,0,0.004400000000000015,0,0,0,0,1,fear,0,1,0,0,1,1,0,1
2020-10-07,3,-0.3511333333333333,0.6666666666666666,0.0,1,0,1,0,1,0.24828876110063636,0,0,0,0,1,fear,0,1,0,0,0,0,0,0
2020-10-08,1,0.4551,0.0,1.0,0,1,1,1,0,0.0,0,0,0,0,1,fear,0,1,0,0,0,1,0,0
2020-10-09,1,0.9781,0.0,1.0,0,1,1,1,0,0.0,0,0,0,0,1,fear,0,1,0,0,0,0,0,1
2020-10-10,1,0.9789,0.0,1.0,0,1,0,0,0,0.0,0,0,0,0,1,fear,0,1,1,0,0,0,1,1
2020-10-11,1,0.0,0.0,0.0,0,0,1,0,1,0.0,0,0,0,0,1,fear,0,1,0,0,1,0,0,0
2020-10-12,1,0.0,0.0,0.0,0,0,0,0,0,0.0,0,0,0,0,1,fear,0,1,0,0,1,0,0,0
2020-10-13,4,0.361975,0.0,0.5,0,1,1,1,0,0.37479678076925904,0,0,0,0,1,fear,0,1,1,1,0,0,1,1
2020-10-14,3,0.32493333333333335,0.0,0.3333333333333333,0,1,0,0,0,0.4595251268670977,0,0,0,0,1,fear,0,1,0,0,1,0,0,0
2020-10-15,4,-0.279575,0.25,0.0,0,0,1,0,1,0.2022976566226114,0,0,0,0,1,fear,0,1,0,1,0,0,0,0
2020-10-16,4,-0.259175,0.75,0.0,0,0,0,0,0,0.14988958227642105,0,0,0,0,1,fear,0,1,0,0,1,1,0,0
2020-10-17,2,0.21075,0.0,0.5,0,0,1,1,0,0.21075,0,0,0,0,1,fear,0,1,0,0,1,1,0,0
2020-10-18,4,-0.446175,0.5,0.0,1,0,1,0,1,0.33770963396829534,0,0,0,0,1,fear,0,1,0,0,1,1,0,0
2020-10-19,5,0.06629999999999998,0.2,0.2,0,0,1,1,0,0.4176492691242258,0,0,0,0,1,fear,0,1,0,0,1,0,0,1
2020-10-20,5,0.2345,0.2,0.4,0,0,0,0,0,0.5151241442603909,0,0,0,0,1,fear,0,1,0,0,1,0,1,1
2020-10-21,4,-0.15134999999999998,0.25,0.0,0,0,1,0,1,0.15142413116805392,0,0,0,0,1,fear,0,1,0,1,1,0,0,0
2020-10-22,7,0.5038857142857143,0.0,0.5714285714285714,0,1,1,1,0,0.4462621504662652,0,0,0,0,1,fear,0,1,0,1,1,1,0,1
2020-10-23,1,-0.5994,1.0,0.0,1,0,1,0,1,0.0,0,0,0,0,1,fear,0,1,0,0,1,0,0,0
2020-10-24,5,0.27176,0.2,0.4,0,0,1,1,0,0.5796405113516481,0,0,0,0,1,fear,0,1,0,0,1,1,1,0
2020-10-25,1,0.9946,0.0,1.0,0,1,1,1,0,0.0,0,0,0,0,1,fear,0,1,0,0,1,0,0,0
2020-10-26,3,0.5786,0.0,0.6666666666666666,0,1,1,0,1,0.4177025097682161,0,0,0,0,1,fear,0,1,0,0,1,0,1,0
2020-10-27,1,0.9719,0.0,1.0,0,1,1,1,0,0.0,0,0,0,0,1,fear,0,1,0,0,1,0,0,1
2020-10-28,2,0.43115,0.0,0.5,0,1,1,0,1,0.43115,0,0,0,0,1,fear,0,0,1,0,1,0,0,0
2020-10-29,1,0.5204,0.0,1.0,0,1,0,0,0,0.0,0,0,0,0,1,fear,0,1,0,1,0,0,0,0
2020-10-30,1,0.6298,0.0,1.0,0,1,0,0,0,0.0,0,0,0,0,1,fear,0,1,0,0,0,0,0,0
2020-10-31,2,0.0,0.0,0.0,0,0,1,0,1,0.0,0,0,0,0,1,fear,0,1,1,0,1,0,0,0
2020-11-01,2,0.4151,0.0,0.5,0,1,1,1,0,0.4151,0,0,0,0,1,fear,0,1,1,0,1,0,0,1
2020-11-02,2,-0.0129,0.0,0.0,0,0,1,0,1,0.0129,0,0,0,0,1,fear,0,1,1,0,1,0,0,0
2020-11-03,6,-0.02036666666666666,0.3333333333333333,0.3333333333333333,0,0,0,0,0,0.6196126549887616,0,0,0,0,1,fear,0,1,0,1,1,0,1,1
2020-11-04,3,0.0299,0.3333333333333333,0.3333333333333333,0,0,0,0,0,0.5665941581061351,0,0,0,0,1,fear,0,1,0,0,1,0,1,0
2020-11-05,2,0.5744,0.0,1.0,0,1,1,1,0,0.24239999999999998,0,0,0,0,1,fear,0,1,0,0,0,1,0,1
2020-11-06,2,0.4926,0.0,0.5,0,1,0,0,0,0.4926,0,0,0,0,1,fear,0,1,0,0,1,0,0,0
2020-11-07,1,0.3818,0.0,1.0,0,1,0,0,0,0.0,0,0,0,0,1,fear,0,1,0,0,0,0,0,0
2020-11-09,4,0.05584999999999998,0.25,0.25,0,0,1,0,1,0.6271499043291006,0,0,0,0,1,fear,0,1,0,0,1,1,0,1
2020-11-10,2,0.0,0.0,0.0,0,0,0,0,0,0.0,0,0,0,0,1,fear,0,1,0,0,1,0,0,0
2020-11-11,1,0.7458,0.0,1.0,0,1,1,1,0,0.0,0,0,0,0,1,fear,0,1,0,1,0,0,0,1
2020-11-12,4,0.15962500000000002,0.0,0.25,0,0,1,0,1,0.3553032815426843,0,0,0,0,1,fear,0,1,1,0,0,0,0,1
2020-11-13,1,0.8881,0.0,1.0,0,1,1,1,0,0.0,0,0,0,0,1,fear,0,0,0,0,0,0,0,0
2020-11-14,1,0.7579,0.0,1.0,0,1,0,0,0,0.0,0,0,0,0,1,fear,0,1,0,0,0,0,0,0
2020-11-15,2,0.9788,0.0,1.0,0,1,1,1,0,0.020199999999999996,1,0,0,0,1,fear,0,1,1,0,0,1,0,1
2020-11-16,6,-0.2329,0.3333333333333333,0.0,0,0,1,0,1,0.3890514918790741,0,0,0,0,1,fear,0,1,0,0,1,1,0,0
2020-11-17,2,-0.4785,1.0,0.0,1,0,1,0,1,0.09339999999999998,0,0,0,0,1,fear,0,1,0,1,0,1,0,1
2020-11-18,1,0.0772,0.0,0.0,0,0,1,1,0,0.0,0,0,0,0,1,fear,0,0,0,0,0,0,0,0
2020-11-19,1,0.8439,0.0,1.0,0,1,1,1,0,0.0,0,0,0,0,1,fear,0,0,0,1,0,0,0,0
2020-11-20,2,0.4455,0.0,0.5,0,1,1,0,1,0.4455,0,0,0,0,1,fear,0,1,0,1,1,0,0,0
2020-11-21,2,0.35205,0.0,0.5,0,1,0,0,0,0.35205,0,0,0,0,1,fear,0,1,0,0,1,1,0,0
2020-11-22,3,0.4735333333333333,0.0,0.6666666666666666,0,1,0,0,0,0.4254996853373951,0,0,0,0,1,fear,0,1,0,0,0,1,0,1
2020-11-23,3,0.3279,0.0,0.6666666666666666,0,1,0,0,0,0.34769918032690267,0,0,0,0,1,fear,0,1,0,1,0,0,0,0
2020-11-24,2,0.5085999999999999,0.0,0.5,0,1,0,0,0,0.2697,1,0,0,0,1,fear,0,1,0,0,0,0,1,0
2020-11-25,1,0.9427,0.0,1.0,0,1,1,1,0,0.0,0,0,0,0,1,fear,0,1,0,0,1,1,0,0
2020-11-26,2,-0.06585000000000002,0.5,0.5,0,0,1,0,1,0.9014500000000001,0,0,0,0,1,fear,0,1,0,1,1,0,0,1
2020-11-28,1,0.9008,0.0,1.0,0,1,1,1,0,0.0,0,0,0,0,1,fear,0,1,0,0,0,1,0,1
2020-11-29,2,0.48815,0.0,0.5,0,1,1,0,1,0.48815,0,0,0,0,1,fear,0,1,0,0,1,0,0,1
2020-11-30,2,-0.059250000000000025,0.5,0.5,0,0,1,0,1,0.55315,0,0,0,0,1,fear,0,0,0,0,0,1,0,0
2020-12-03,3,0.003766666666666659,0.3333333333333333,0.3333333333333333,0,0,0,0,0,0.5304436905920259,0,0,0,0,1,fear,0,1,1,1,1,0,0,0
2020-12-04,2,0.1154,0.0,0.5,0,0,0,0,0,0.3886,0,0,0,0,1,fear,0,0,0,0,0,0,0,0
2020-12-05,1,0.1406,0.0,0.0,0,0,0,0,0,0.0,0,0,0,0,1,fear,0,1,0,0,0,1,0,0
2020-12-07,4,0.31405,0.25,0.5,0,1,0,0,0,0.49257735686894905,1,0,0,0,1,fear,0,1,0,0,1,0,0,1
2020-12-08,2,-0.26335,0.5,0.0,0,0,1,0,1,0.26335,0,0,0,0,1,fear,0,1,0,1,0,0,0,0
2020-12-09,15,0.22824666666666668,0.06666666666666667,0.5333333333333333,0,0,1,1,0,0.28464039269849867,0,0,0,0,1,fear,0,1,0,1,1,0,1,0
2020-12-10,2,0.0,0.0,0.0,0,0,1,0,1,0.0,0,0,0,0,1,fear,0,1,0,1,0,0,0,0
2020-12-11,3,0.3147666666666667,0.0,0.3333333333333333,0,1,1,1,0,0.4451472889829712,0,0,0,0,1,fear,0,1,0,1,1,0,1,1
2020-12-12,2,-0.13325,0.0,0.0,0,0,1,0,1,0.13325,0,0,0,0,1,fear,0,1,0,1,1,0,0,0
2020-12-13,5,0.01814,0.4,0.4,0,0,0,0,0,0.6306556068092949,0,0,1,0,0,sadness,0,1,0,1,1,0,1,1
2020-12-14,1,0.9321,0.0,1.0,0,1,1,1,0,0.0,0,0,0,0,1,fear,0,1,0,1,1,0,0,0
2020-12-15,2,0.6545000000000001,0.0,1.0,0,1,1,0,1,0.2031,0,0,0,0,1,fear,0,1,1,0,1,1,1,1
2020-12-16,1,0.8299,0.0,1.0,0,1,0,0,0,0.0,0,0,0,0,1,fear,0,0,0,0,0,0,0,1
2020-12-17,1,-0.4871,1.0,0.0,1,0,1,0,1,0.0,0,0,0,0,1,fear,0,1,0,0,0,0,0,0
2020-12-19,2,0.23835,0.0,0.5,0,0,1,1,0,0.23835,0,0,0,0,1,fear,0,1,0,1,0,0,0,0
2020-12-20,2,0.63285,0.0,1.0,0,1,1,1,0,0.31465,0,0,0,0,1,fear,0,1,1,0,0,1,0,1
2020-12-21,4,0.452125,0.0,0.5,0,1,0,0,0,0.453240848638999,0,0,0,0,1,fear,0,1,0,1,1,0,0,1
2020-12-22,6,0.49255000000000004,0.16666666666666666,0.8333333333333334,0,1,0,0,0,0.40225393617299343,0,0,0,0,1,fear,0,1,0,1,1,1,0,1
2020-12-23,3,-0.10849999999999999,0.3333333333333333,0.3333333333333333,0,0,1,0,1,0.41760168422393446,0,0,0,0,1,fear,0,1,0,0,1,0,0,1
2020-12-24,4,0.643725,0.0,0.75,0,1,1,1,0,0.3818882387230589,0,0,0,0,1,fear,0,1,0,0,1,1,1,0
2020-12-25,2,0.07385,0.0,0.0,0,0,1,0,1,0.07385,0,0,0,0,1,fear,0,1,0,1,1,0,0,0
2020-12-26,2,0.0,0.0,0.0,0,0,0,0,0,0.0,0,0,0,0,1,fear,0,1,0,1,1,0,0,0
2020-12-27,4,0.5186499999999999,0.25,0.75,0,1,1,1,0,0.5673414954857435,0,0,0,0,1,fear,0,1,0,1,0,0,1,0
2020-12-28,5,0.6175200000000001,0.0,0.8,0,1,0,0,0,0.33239715642586354,0,0,0,0,1,fear,0,1,0,1,1,1,1,1
2020-12-29,2,0.47585,0.0,0.5,0,1,0,0,0,0.47585,0,0,0,0,1,fear,0,1,0,0,1,0,0,0
2020-12-30,4,0.15544999999999998,0.25,0.5,0,0,1,0,1,0.6559623255187755,0,0,0,0,1,fear,0,1,0,1,1,0,0,1
2020-12-31,1,0.0,0.0,0.0,0,0,0,0,0,0.0,0,0,0,0,1,fear,0,1,0,0,1,0,0,0
2021-01-01,4,0.22397500000000004,0.0,0.5,0,0,1,1,0,0.36727076098567935,0,0,0,0,1,fear,0,1,0,1,1,0,0,0
2021-01-02,5,-0.02358,0.0,0.0,0,0,1,0,1,0.04716,0,0,0,0,1,fear,0,1,1,1,1,0,0,0
2021-01-03,7,0.38100000000000006,0.14285714285714285,0.42857142857142855,0,1,1,1,0,0.4823049302197581,0,0,0,0,1,fear,0,1,1,1,1,0,1,0
2021-01-04,4,0.340425,0.0,0.5,0,1,0,0,0,0.3934408873960611,0,0,0,0,1,fear,0,1,0,1,1,0,1,1
2021-01-05,10,0.29738000000000003,0.0,0.4,0,0,0,0,0,0.4246131340408585,0,0,1,0,0,sadness,0,1,1,1,1,1,1,1
2021-01-06,8,0.1164375,0.125,0.125,0,0,0,0,0,0.30145229281554653,1,0,0,0,1,fear,0,1,0,1,0,1,0,0
2021-01-07,8,0.5535625,0.0,0.75,0,1,1,1,0,0.35742060984748764,0,0,0,0,1,fear,0,1,1,1,1,0,0,1
2021-01-08,6,0.3994,0.0,0.6666666666666666,0,1,0,0,0,0.3019573976573517,0,0,0,0,1,fear,0,1,0,1,1,1,0,0
2021-01-09,3,0.40126666666666666,0.0,0.3333333333333333,0,1,0,0,0,0.4038108578145081,0,0,0,0,1,fear,0,1,0,1,1,0,0,0
2021-01-10,6,0.2182833333333333,0.0,0.3333333333333333,0,0,0,0,0,0.3032241438093096,0,0,0,0,1,fear,0,1,1,1,1,0,0,1
2021-01-11,6,0.28213333333333335,0.16666666666666666,0.5,0,0,0,0,0,0.556990693119932,0,0,0,0,1,fear,0,1,0,1,1,1,1,1
2021-01-12,12,0.296475,0.16666666666666666,0.4166666666666667,0,0,0,0,0,0.5377789634614455,1,0,0,0,1,fear,0,1,0,1,1,0,1,1
2021-01-13,6,0.22396666666666668,0.3333333333333333,0.5,0,0,0,0,0,0.6808719842150129,1,0,0,0,1,fear,0,1,1,1,1,1,1,1
2021-01-14,4,0.2103,0.0,0.25,0,0,0,0,0,0.3642502848317349,0,0,0,0,1,fear,0,1,0,1,1,0,0,0
2021-01-15,6,0.62,0.0,0.8333333333333334,0,1,1,1,0,0.3145085213471966,0,0,0,0,1,fear,0,1,0,1,1,0,1,1
2021-01-16,5,0.036659999999999984,0.2,0.2,0,0,1,0,1,0.4945040570106579,0,0,0,0,1,fear,0,1,0,1,1,0,0,1
2021-01-17,6,0.28575,0.16666666666666666,0.5,0,0,1,1,0,0.5717756516618501,0,0,0,0,1,fear,0,1,0,1,1,1,1,0
2021-01-18,6,0.7010333333333333,0.0,0.8333333333333334,0,1,1,1,0,0.2761465713871691,1,0,0,0,1,fear,0,1,0,1,1,0,1,1
2021-01-19,11,0.3918,0.0,0.6363636363636364,0,1,1,0,1,0.34886701816542703,0,0,0,0,1,fear,0,1,0,1,1,0,1,1
2021-01-20,11,0.3318,0.09090909090909091,0.5454545454545454,0,1,0,0,0,0.4776642506652935,0,0,0,0,1,fear,0,1,1,1,1,1,1,1
2021-01-21,5,0.41858000000000006,0.0,0.6,0,1,0,0,0,0.3769809406322818,0,0,0,0,1,fear,0,1,1,1,1,0,0,0
2021-01-22,7,0.49427142857142853,0.14285714285714285,0.7142857142857143,0,1,0,0,0,0.4728829988614995,0,0,0,0,1,fear,0,1,0,1,1,1,0,1
2021-01-23,5,0.040200000000000014,0.2,0.2,0,0,1,0,1,0.4681167845741061,0,0,0,0,1,fear,0,1,1,1,1,0,0,1
2021-01-24,2,-0.0774,0.0,0.0,0,0,0,0,0,0.0774,0,0,0,0,1,fear,0,1,0,1,0,0,0,0
2021-01-25,4,0.149975,0.0,0.25,0,0,1,1,0,0.12203614986961855,0,0,0,0,1,fear,0,1,0,1,1,0,0,0
2021-01-26,9,0.16093333333333332,0.0,0.2222222222222222,0,0,0,0,0,0.3341198221530048,0,0,1,0,0,sadness,0,1,1,1,1,1,1,1
2021-01-27,4,0.42545,0.0,0.5,0,1,1,1,0,0.43777974770425365,0,0,1,0,0,sadness,0,1,1,1,1,1,1,1
2021-01-28,7,0.3002142857142857,0.0,0.42857142857142855,0,1,0,0,0,0.35842882707956497,0,0,0,0,1,fear,0,1,0,1,1,0,0,1
2021-01-29,4,0.17995,0.0,0.5,0,0,0,0,0,0.18049932825359769,0,1,0,0,0,anger,0,1,1,1,1,0,1,0
2021-01-30,3,-0.1858,0.3333333333333333,0.0,0,0,1,0,1,0.26276087988892105,0,0,0,0,1,fear,0,1,0,1,1,0,0,0
2021-01-31,7,0.22892857142857143,0.14285714285714285,0.42857142857142855,0,0,1,1,0,0.4197252561048059,0,0,0,0,1,fear,0,1,0,1,1,1,1,1
2021-02-01,5,0.41972,0.0,0.4,0,1,0,0,0,0.43584386837490324,0,0,0,0,1,fear,0,1,1,1,1,0,1,1
2021-02-02,8,0.3073,0.0,0.375,0,1,0,0,0,0.3596498470735112,0,0,0,0,1,fear,0,1,1,1,0,0,0,1
2021-02-03,4,0.658325,0.0,0.75,0,1,1,1,0,0.39458818643618815,0,0,0,0,1,fear,0,1,1,1,1,1,0,0
2021-02-04,3,0.31016666666666665,0.0,0.6666666666666666,0,1,1,0,1,0.2222109858270338,0,0,0,0,1,fear,0,1,0,1,0,0,0,0
2021-02-05,2,-0.2427,0.5,0.0,0,0,1,0,1,0.2427,0,0,0,0,1,fear,0,1,0,1,1,0,0,0
2021-02-06,12,0.32443333333333335,0.16666666666666666,0.4166666666666667,0,1,1,1,0,0.4916957296495014,0,0,1,0,0,sadness,0,1,1,1,1,1,1,1
2021-02-07,1,0.0,0.0,0.0,0,0,1,0,1,0.0,0,0,0,0,1,fear,0,0,0,1,0,0,0,0
2021-02-08,6,0.06341666666666666,0.16666666666666666,0.3333333333333333,0,0,0,0,0,0.5576679311103417,0,0,0,0,1,fear,0,1,1,1,0,1,1,0
2021-02-09,7,0.3591285714285714,0.0,0.5714285714285714,0,1,1,1,0,0.2828475395195173,0,0,0,0,1,fear,0,1,0,1,1,1,0,0
2021-02-10,7,0.2470857142857143,0.2857142857142857,0.5714285714285714,0,0,0,0,0,0.6748781063031657,0,0,0,0,1,fear,0,1,1,1,1,1,0,1
2021-02-11,7,0.3079428571428572,0.14285714285714285,0.42857142857142855,0,1,0,0,0,0.5833327789696102,0,0,0,0,1,fear,0,1,1,1,1,1,0,1
2021-02-12,3,0.31193333333333334,0.0,0.3333333333333333,0,1,0,0,0,0.44114035055624745,0,0,0,0,1,fear,0,1,0,1,0,0,0,1
2021-02-13,2,0.0,0.0,0.0,0,0,1,0,1,0.0,0,0,0,0,1,fear,0,0,1,0,0,0,0,0
2021-02-14,3,-0.24719999999999998,0.3333333333333333,0.0,0,0,1,0,1,0.4795348371077955,0,0,0,0,1,fear,0,1,0,1,1,1,1,0
2021-02-15,6,-0.07710000000000002,0.3333333333333333,0.16666666666666666,0,0,0,0,0,0.6208318183426704,0,0,0,1,0,anxiety,0,1,1,1,0,0,1,1
2021-02-16,5,0.1786,0.2,0.6,0,0,1,1,0,0.5065625528994421,0,0,0,0,1,fear,0,1,1,1,1,0,0,1
2021-02-17,6,0.2790333333333333,0.16666666666666666,0.6666666666666666,0,0,0,0,0,0.5585448315837225,0,0,0,0,1,fear,0,1,1,1,1,1,0,1
2021-02-18,3,0.025733333333333334,0.0,0.0,0,0,1,0,1,0.03639242900506765,0,0,0,0,1,fear,0,1,0,1,1,0,0,0
2021-02-19,2,0.08805,0.0,0.0,0,0,0,0,0,0.08805,0,0,0,0,1,fear,0,1,0,1,0,0,0,0
2021-02-20,3,0.5829666666666666,0.0,0.6666666666666666,0,1,1,1,0,0.2626768906639655,0,0,0,0,1,fear,0,0,0,1,0,0,0,0
2021-02-21,3,0.4967333333333333,0.0,0.6666666666666666,0,1,0,0,0,0.36100084333542615,0,0,0,0,1,fear,0,1,0,0,1,1,0,0
2021-02-22,5,-0.12301999999999999,0.6,0.2,0,0,1,0,1,0.5390106321771398,0,0,0,0,1,fear,0,1,0,1,0,0,0,1
2021-02-23,5,0.391,0.0,0.4,0,1,1,1,0,0.47887851904214707,0,0,0,0,1,fear,0,1,1,1,1,0,1,1
2021-02-24,5,0.26758,0.2,0.6,0,0,0,0,0,0.6396664143129605,0,0,0,0,1,fear,0,1,1,1,1,1,1,0
2021-02-25,3,0.574,0.0,0.6666666666666666,0,1,1,1,0,0.41500441764716994,1,0,0,0,1,fear,0,1,0,1,1,1,0,1
2021-02-27,5,0.51816,0.0,0.6,0,1,0,0,0,0.4309854271318231,0,0,0,0,1,fear,0,0,1,1,0,0,0,1
2021-02-28,6,0.3692166666666667,0.16666666666666666,0.6666666666666666,0,1,0,0,0,0.3962609847758868,0,0,0,0,1,fear,0,1,0,1,1,1,0,1
2021-03-01,4,-0.088725,0.25,0.0,0,0,1,0,1,0.15367620790154862,0,0,0,0,1,fear,0,1,0,1,1,0,0,1
2021-03-02,3,-0.10736666666666667,0.0,0.0,0,0,0,0,0,0.20171399444648247,0,0,0,0,1,fear,0,1,0,1,0,0,0,0
2021-03-03,5,0.29613999999999996,0.0,0.4,0,0,1,1,0,0.36338436730272256,0,0,0,0,1,fear,0,1,1,1,1,1,0,1
2021-03-04,6,0.12243333333333334,0.0,0.16666666666666666,0,0,0,0,0,0.39946813667953823,0,0,0,0,1,fear,0,1,0,1,1,0,1,1
2021-03-05,2,0.4084,0.0,0.5,0,1,1,1,0,0.4084,0,0,0,0,1,fear,0,1,0,1,0,0,0,0
2021-03-06,2,0.0,0.0,0.0,0,0,1,0,1,0.0,0,0,0,0,1,fear,0,1,0,0,1,1,0,0
2021-03-08,2,0.39255,0.0,0.5,0,1,1,1,0,0.39255,0,0,0,0,1,fear,0,1,0,0,1,0,1,1
2021-03-09,1,0.0,0.0,0.0,0,0,1,0,1,0.0,0,0,0,0,1,fear,0,0,0,0,0,0,0,0
2021-03-10,4,0.06209999999999999,0.25,0.5,0,0,0,0,0,0.6469058393614947,0,0,1,0,0,sadness,0,1,1,1,1,1,1,0
2021-03-11,2,-0.05135,0.0,0.0,0,0,0,0,0,0.05135,0,0,0,0,1,fear,0,1,0,0,0,0,0,0
2021-03-12,4,0.18737499999999999,0.25,0.5,0,0,1,1,0,0.6146397822098729,0,0,0,0,1,fear,0,1,1,1,1,1,0,1
2021-03-13,4,0.479525,0.0,0.5,0,1,1,1,0,0.4798951311224151,0,0,1,1,0,sadness,1,1,0,1,1,1,1,1
2021-03-14,4,0.21265,0.0,0.5,0,0,1,0,1,0.22103861088054277,0,0,0,0,1,fear,0,1,0,1,0,0,0,0
2021-03-15,3,-0.45599999999999996,0.6666666666666666,0.0,1,0,1,0,1,0.5111679632632181,1,0,1,1,1,fear,1,1,0,0,1,1,0,0
2021-03-16,5,0.030959999999999998,0.0,0.0,0,0,1,1,0,0.061919999999999996,0,0,0,0,1,fear,0,1,0,1,1,0,0,1
2021-03-17,4,0.42469999999999997,0.0,0.5,0,1,1,1,0,0.4368017513701153,0,0,0,0,1,fear,0,1,1,1,1,1,0,1
2021-03-18,4,0.138175,0.0,0.25,0,0,1,0,1,0.23932612033582962,0,0,0,0,1,fear,0,1,0,1,1,0,1,0
2021-03-19,2,0.0,0.0,0.0,0,0,0,0,0,0.0,0,0,0,0,1,fear,0,1,0,1,1,0,0,0
2021-03-20,1,0.0,0.0,0.0,0,0,0,0,0,0.0,0,0,0,0,1,fear,0,1,0,1,0,0,0,0
2021-03-21,9,0.19090000000000001,0.1111111111111111,0.4444444444444444,0,0,0,0,0,0.3744561923643405,0,0,0,0,1,fear,0,1,0,1,1,0,1,1
2021-03-22,6,0.21531666666666668,0.0,0.3333333333333333,0,0,0,0,0,0.3155204822546743,1,0,0,0,1,fear,0,1,0,1,1,0,0,0
2021-03-23,4,0.47997500000000004,0.0,0.5,0,1,1,1,0,0.48036730933214017,0,0,0,0,1,fear,0,1,1,1,1,0,1,0
2021-03-24,7,0.2555142857142857,0.14285714285714285,0.42857142857142855,0,0,1,0,1,0.5668306888268475,0,0,0,0,1,fear,0,1,1,1,1,1,1,1
2021-03-25,2,0.0,0.0,0.0,0,0,1,0,1,0.0,0,0,0,0,1,fear,0,1,0,1,1,0,0,0
2021-03-26,2,-0.4383,0.5,0.0,1,0,1,0,1,0.4383,0,0,0,0,1,fear,0,1,0,1,0,1,1,0
2021-03-27,4,0.08745,0.25,0.25,0,0,1,1,0,0.5352593973953189,0,0,0,0,1,fear,0,1,0,1,1,1,1,1
2021-03-28,4,-0.074,0.0,0.0,0,0,0,0,0,0.1281717597600969,0,0,0,0,1,fear,0,1,0,1,1,0,0,0
2021-03-29,6,-0.01951666666666667,0.16666666666666666,0.16666666666666666,0,0,0,0,0,0.4511660168078069,0,0,0,0,1,fear,0,1,0,1,1,0,1,0
2021-03-30,4,0.579175,0.0,0.75,0,1,1,1,0,0.33520693142445607,0,0,0,0,1,fear,0,1,0,0,0,0,1,0
2021-03-31,7,0.36782857142857145,0.0,0.42857142857142855,0,1,1,0,1,0.3616536334840905,0,0,0,0,1,fear,0,1,1,1,0,1,1,1
2021-04-01,2,0.0,0.0,0.0,0,0,1,0,1,0.0,0,0,0,0,1,fear,0,1,0,1,1,0,1,1
2021-04-02,5,0.2845,0.0,0.4,0,0,1,1,0,0.34846379438902975,0,0,0,0,1,fear,0,1,0,1,1,0,1,1
2021-04-03,3,0.14363333333333336,0.3333333333333333,0.3333333333333333,0,0,0,0,0,0.49603865664773433,0,0,0,0,1,fear,0,1,0,1,0,1,1,1
2021-04-04,2,-0.27115,0.5,0.0,0,0,1,0,1,0.27115,0,0,0,0,1,fear,0,1,0,1,0,0,1,0
2021-04-05,1,-0.8957,1.0,0.0,1,0,1,0,1,0.0,0,0,1,1,0,sadness,1,1,0,0,0,0,0,0
2021-04-06,3,0.4956666666666667,0.0,0.6666666666666666,0,1,1,1,0,0.3597817239506322,0,0,0,0,1,fear,0,1,0,1,0,0,1,0
2021-04-07,3,0.3968333333333333,0.0,0.6666666666666666,0,1,0,0,0,0.2945647448166343,1,0,0,0,1,fear,0,1,1,1,1,1,1,1
2021-04-08,4,0.22305,0.0,0.25,0,0,0,0,0,0.38633393262823806,0,0,0,0,1,fear,0,1,0,1,1,1,1,1
2021-04-09,5,0.17018,0.2,0.4,0,0,0,0,0,0.5666869837926402,0,0,0,0,1,fear,0,1,1,1,0,0,1,1
2021-04-10,4,0.009975000000000012,0.25,0.25,0,0,0,0,0,0.5288331796275646,0,0,0,0,1,fear,0,1,0,0,1,0,0,0
2021-04-11,3,0.08863333333333334,0.3333333333333333,0.6666666666666666,0,0,0,0,0,0.6981453828219131,0,0,1,0,0,sadness,0,1,0,1,0,1,0,0
2021-04-12,1,0.0,0.0,0.0,0,0,0,0,0,0.0,0,0,0,0,1,fear,0,1,0,0,1,0,0,0
2021-04-13,3,0.19766666666666666,0.0,0.3333333333333333,0,0,0,0,0,0.2795428808290818,0,0,0,0,1,fear,0,1,0,1,1,1,1,0
2021-04-14,2,0.6517999999999999,0.0,1.0,0,1,1,1,0,0.05319999999999997,0,0,0,0,1,fear,0,1,1,1,0,1,0,1
2021-04-15,3,0.2541333333333333,0.0,0.3333333333333333,0,0,1,0,1,0.35939880665108254,0,0,0,0,1,fear,0,1,0,1,1,0,1,1
2021-04-16,3,-0.31073333333333336,0.3333333333333333,0.0,1,0,1,0,1,0.4394432942813997,0,0,1,0,0,sadness,0,1,0,1,1,1,1,0
2021-04-17,1,0.0,0.0,0.0,0,0,1,1,0,0.0,0,0,0,0,1,fear,0,1,0,0,1,0,0,0
2021-04-18,3,0.026099999999999974,0.3333333333333333,0.3333333333333333,0,0,0,0,0,0.7793604087113142,0,0,1,0,0,sadness,0,1,0,1,1,1,1,1
2021-04-19,3,0.1838,0.0,0.3333333333333333,0,0,0,0,0,0.25993245276417487,0,0,0,0,1,fear,0,1,0,1,1,0,1,0
2021-04-20,6,0.09816666666666668,0.16666666666666666,0.3333333333333333,0,0,0,0,0,0.44462258402179955,0,0,0,0,1,fear,0,1,0,1,1,0,1,0
2021-04-21,6,0.34801666666666664,0.0,0.5,0,1,1,1,0,0.38613651479179684,0,1,0,0,0,anger,0,1,1,1,1,1,1,1
2021-04-22,3,-0.027999999999999997,0.0,0.0,0,0,1,0,1,0.208333066666496,0,0,0,0,1,fear,0,1,1,1,1,0,0,0
2021-04-23,2,0.79365,0.0,1.0,0,1,1,1,0,0.13095,0,0,0,0,1,fear,0,1,0,1,1,0,0,0
2021-04-24,1,0.9919,0.0,1.0,0,1,0,0,0,0.0,0,0,0,0,1,fear,0,1,0,0,0,0,0,1
2021-04-26,8,0.4788,0.0,0.625,0,1,1,0,1,0.46141320689811205,0,0,0,0,1,fear,0,1,1,1,0,0,1,1
2021-04-27,6,0.4686166666666667,0.0,0.6666666666666666,0,1,0,0,0,0.3825821455002253,0,0,0,0,1,fear,0,1,0,0,1,0,0,1
2021-04-28,3,0.7284,0.0,1.0,0,1,1,1,0,0.05840450895835583,0,0,0,0,1,fear,0,1,1,1,0,1,0,0
2021-04-29,1,-0.5423,1.0,0.0,1,0,1,0,1,0.0,0,0,0,0,1,fear,0,1,0,0,0,0,0,0
2021-04-30,3,-0.032733333333333337,0.3333333333333333,0.6666666666666666,0,0,1,1,0,0.6052923279062953,0,0,0,0,1,fear,0,1,0,1,0,0,0,1
2021-05-01,2,0.48565,0.0,0.5,0,1,1,1,0,0.48565,0,0,0,0,1,fear,0,1,0,0,1,0,0,1
2021-05-02,2,0.3715,0.0,0.5,0,1,0,0,0,0.3715,0,0,0,0,1,fear,0,1,0,0,1,0,0,0
2021-05-03,5,0.23052,0.0,0.2,0,0,0,0,0,0.3634526786254299,0,0,0,0,1,fear,0,1,0,1,1,0,0,1
2021-05-04,6,0.03665000000000001,0.0,0.16666666666666666,0,0,0,0,0,0.28432153013797606,0,0,0,0,1,fear,0,1,0,1,1,1,0,0
2021-05-05,4,0.718225,0.0,1.0,0,1,1,1,0,0.18930147087384183,1,0,0,0,1,fear,0,1,1,1,1,1,1,1
2021-05-06,2,0.425,0.0,0.5,0,1,1,0,1,0.425,0,0,0,0,1,fear,0,1,0,0,1,0,0,0
2021-05-07,4,-0.3355,0.5,0.0,1,0,1,0,1,0.3753745529467868,0,0,0,0,1,fear,0,1,0,1,1,1,1,0
2021-05-08,1,0.0,0.0,0.0,0,0,1,1,0,0.0,0,0,0,0,1,fear,0,1,0,0,1,0,0,0
2021-05-10,4,0.6231,0.0,0.75,0,1,1,1,0,0.40971559037947286,0,0,0,0,1,fear,0,1,0,1,1,1,0,1
2021-05-11,4,0.17422500000000002,0.0,0.25,0,0,1,0,1,0.4878649934920521,0,0,0,0,1,fear,0,1,0,0,1,1,0,1
2021-05-12,3,0.235,0.0,0.3333333333333333,0,0,0,0,0,0.3323401871576773,0,0,0,0,1,fear,0,1,1,1,1,1,1,0
2021-05-13,3,0.2467333333333334,0.3333333333333333,0.6666666666666666,0,0,0,0,0,0.4463412545973715,0,0,0,0,1,fear,0,1,0,1,1,0,0,0
2021-05-15,2,0.0,0.0,0.0,0,0,1,0,1,0.0,0,0,0,0,1,fear,0,1,0,1,1,0,1,0
2021-05-16,1,0.0,0.0,0.0,0,0,0,0,0,0.0,0,0,0,0,1,fear,0,0,0,0,0,0,0,0
2021-05-17,4,0.463825,0.0,0.75,0,1,1,1,0,0.34180772647059926,0,0,0,0,1,fear,0,1,0,1,0,0,0,1
2021-05-18,5,0.38008,0.0,0.4,0,1,0,0,0,0.46570330211412503,0,0,0,0,1,fear,0,1,0,1,0,0,1,1
2021-05-19,2,0.30115,0.0,0.5,0,1,0,0,0,0.40385,0,0,0,0,1,fear,0,1,1,1,0,1,0,0
2021-05-20,1,0.0,0.0,0.0,0,0,1,0,1,0.0,0,0,0,0,1,fear,0,1,0,0,0,0,0,0
2021-05-22,3,-0.02063333333333332,0.3333333333333333,0.3333333333333333,0,0,0,0,0,0.3032306089797371,0,0,0,0,1,fear,0,1,0,0,1,0,0,1
2021-05-23,6,-0.15238333333333334,0.3333333333333333,0.16666666666666666,0,0,0,0,0,0.34995645641835055,0,0,0,0,1,fear,0,1,0,1,1,0,1,1
2021-05-24,1,0.4199,0.0,1.0,0,1,1,1,0,0.0,0,0,0,0,1,fear,0,0,0,1,0,0,0,0
2021-05-25,3,0.28006666666666663,0.0,0.3333333333333333,0,0,0,0,0,0.3960740783686248,0,0,0,0,1,fear,0,1,0,1,0,0,1,0
2021-05-26,3,0.5645666666666667,0.0,0.6666666666666666,0,1,1,1,0,0.4156705934056705,0,0,0,0,1,fear,0,1,1,1,0,1,1,1
2021-05-27,1,-0.0258,0.0,0.0,0,0,1,0,1,0.0,0,0,0,0,1,fear,0,1,0,1,0,0,0,0
2021-05-28,2,-0.48745,0.5,0.0,1,0,1,0,1,0.48745,0,0,0,0,1,fear,0,1,0,0,1,0,0,1
2021-05-29,4,0.4954,0.0,0.5,0,1,1,1,0,0.4954,0,0,0,0,1,fear,0,1,0,1,1,0,0,0
2021-05-30,2,0.4862,0.0,0.5,0,1,0,0,0,0.4862,0,0,0,0,1,fear,0,1,0,1,1,1,0,0
2021-05-31,1,0.0,0.0,0.0,0,0,1,0,1,0.0,0,0,0,0,1,fear,0,1,0,0,1,0,0,0
2021-06-01,5,0.2536,0.0,0.4,0,0,1,1,0,0.2972260823009986,0,0,0,0,1,fear,0,1,1,0,1,0,0,0
2021-06-02,2,0.06084999999999996,0.5,0.5,0,0,0,0,0,0.64415,0,0,0,0,1,fear,0,1,1,1,0,1,0,1
2021-06-03,6,0.028766666666666663,0.16666666666666666,0.16666666666666666,0,0,0,0,0,0.4260107106113127,0,0,0,0,1,fear,0,1,0,1,1,1,0,1
2021-06-04,4,0.12357499999999999,0.25,0.25,0,0,0,0,0,0.526545526877781,0,0,1,0,0,sadness,0,1,0,1,1,0,0,0
2021-06-05,2,0.0,0.0,0.0,0,0,0,0,0,0.0,0,0,0,0,1,fear,0,1,0,1,1,0,0,0
2021-06-06,3,0.39076666666666665,0.0,0.6666666666666666,0,1,1,1,0,0.28311569288111804,0,0,0,0,1,fear,0,1,0,0,1,0,0,0
2021-06-07,1,0.9937,0.0,1.0,0,1,1,1,0,0.0,0,0,0,0,1,fear,0,1,0,1,1,0,0,1
2021-06-09,5,0.39166,0.2,0.8,0,1,1,0,1,0.49284465544428907,1,0,0,0,1,fear,0,1,1,1,1,1,1,1
2021-06-10,6,0.20671666666666666,0.0,0.16666666666666666,0,0,0,0,0,0.36212415189944025,0,1,0,0,0,anger,0,1,0,1,1,0,0,1
2021-06-11,4,0.5820500000000001,0.0,1.0,0,1,1,1,0,0.12375503020079626,0,0,0,0,1,fear,0,1,0,1,0,0,1,0
2021-06-12,1,0.0,0.0,0.0,0,0,1,0,1,0.0,0,0,0,0,1,fear,0,0,0,0,0,0,0,0
2021-06-13,3,0.4942333333333333,0.0,0.6666666666666666,0,1,1,1,0,0.38038361630800505,0,0,0,0,1,fear,0,1,0,0,1,0,0,0
2021-06-14,2,0.2874,0.5,0.5,0,0,1,0,1,0.5932000000000001,0,0,0,0,1,fear,0,1,0,1,0,0,1,0
2021-06-15,1,0.9666,0.0,1.0,0,1,1,1,0,0.0,0,0,0,0,1,fear,0,0,0,0,0,0,0,1
2021-06-16,4,0.638525,0.0,1.0,0,1,1,0,1,0.07108605260527548,0,0,0,0,1,fear,0,1,1,1,0,1,1,0
2021-06-17,3,-0.05660000000000002,0.3333333333333333,0.3333333333333333,0,0,1,0,1,0.7373219830350013,0,0,1,0,0,sadness,0,1,1,1,1,1,1,0
2021-06-18,3,0.029566666666666668,0.3333333333333333,0.3333333333333333,0,0,0,0,0,0.4744779189335955,0,0,0,0,1,fear,0,1,1,1,1,0,0,1
2021-06-19,7,0.2517714285714286,0.14285714285714285,0.5714285714285714,0,0,1,1,0,0.5318118940116372,0,0,0,1,0,anxiety,0,1,1,1,1,1,0,1
2021-06-20,1,0.0,0.0,0.0,0,0,1,0,1,0.0,0,0,0,0,1,fear,0,1,0,0,1,0,0,0
2021-06-21,3,0.47846666666666665,0.0,0.6666666666666666,0,1,1,1,0,0.40146718698073225,0,0,0,0,1,fear,0,1,1,0,1,1,1,0
2021-06-22,2,0.2553,0.0,0.5,0,0,1,0,1,0.2553,0,0,0,0,1,fear,0,1,0,1,1,0,0,0
2021-06-23,4,0.611775,0.0,1.0,0,1,1,1,0,0.209306215567049,0,0,0,0,1,fear,0,1,1,1,0,1,0,0
2021-06-24,3,-0.1589,0.3333333333333333,0.0,0,0,1,0,1,0.2247185350610848,0,0,0,0,1,fear,0,1,0,1,1,0,0,0
2021-06-25,6,0.29585,0.0,0.3333333333333333,0,0,1,1,0,0.3558958169183785,0,0,0,0,1,fear,0,1,1,1,1,0,0,1
2021-06-26,2,0.0,0.0,0.0,0,0,1,0,1,0.0,0,0,0,0,1,fear,0,0,0,1,0,0,0,0
2021-06-27,2,0.3715,0.0,0.5,0,1,1,1,0,0.3715,0,0,0,0,1,fear,0,1,0,0,1,0,0,0
2021-06-28,7,0.051928571428571435,0.2857142857142857,0.2857142857142857,0,0,1,0,1,0.4141851439506103,0,0,0,0,1,fear,0,1,0,0,1,1,0,0
2021-06-29,8,0.436875,0.125,0.625,0,1,1,1,0,0.45769545756430663,0,0,0,0,1,fear,0,1,1,1,1,0,0,1
2021-06-30,3,0.5731666666666667,0.0,0.6666666666666666,0,1,0,0,0,0.2089639894548553,1,1,0,0,1,fear,1,1,1,1,0,1,0,0
2021-07-01,4,0.060050000000000006,0.25,0.25,0,0,1,0,1,0.3156888460177204,1,1,0,0,1,fear,1,1,0,1,1,0,0,0
2021-07-02,2,0.2656,0.0,0.5,0,0,1,1,0,0.2656,0,0,0,0,1,fear,0,0,0,1,0,0,0,1
2021-07-03,3,0.3343,0.3333333333333333,0.6666666666666666,0,1,0,0,0,0.6433458997045576,0,0,0,0,1,fear,0,1,0,0,0,0,0,1
2021-07-04,2,0.0129,0.0,0.0,0,0,1,0,1,0.0129,0,0,0,0,1,fear,0,0,0,1,0,1,0,0
2021-07-05,3,-0.006266666666666643,0.3333333333333333,0.3333333333333333,0,0,0,0,0,0.47171687365292425,0,0,0,0,1,fear,0,0,0,1,0,0,0,0
2021-07-06,1,0.0,0.0,0.0,0,0,0,0,0,0.0,0,0,0,0,1,fear,0,0,0,1,0,0,0,0
2021-07-07,6,0.09374999999999999,0.3333333333333333,0.3333333333333333,0,0,0,0,0,0.49291624626637465,0,0,0,0,1,fear,0,1,1,1,1,1,1,1
2021-07-08,3,-0.5116666666666667,0.6666666666666666,0.0,1,0,1,0,1,0.374474719514623,0,0,0,0,1,fear,0,1,0,1,1,1,1,0
2021-07-09,2,-0.1012,0.0,0.0,0,0,1,1,0,0.1012,0,0,0,0,1,fear,0,1,0,1,0,0,1,1
2021-07-10,3,0.7060666666666666,0.0,0.6666666666666666,0,1,1,1,0,0.39015327187600973,1,0,0,0,1,fear,0,1,0,1,1,0,0,1
2021-07-11,4,0.2619,0.25,0.5,0,0,1,0,1,0.6609785813473837,0,0,1,0,0,sadness,0,1,0,1,1,0,0,1
2021-07-13,4,0.14992500000000003,0.25,0.5,0,0,0,0,0,0.6994798402205743,0,0,0,0,1,fear,0,1,0,0,1,1,0,1
2021-07-14,6,0.12931666666666666,0.16666666666666666,0.5,0,0,0,0,0,0.434858472826377,0,0,0,0,1,fear,0,1,1,1,1,1,1,1
2021-07-15,6,0.07106666666666667,0.16666666666666666,0.3333333333333333,0,0,0,0,0,0.48780621721699646,0,0,0,0,1,fear,0,1,0,0,1,1,0,1
2021-07-16,5,0.24402,0.0,0.4,0,0,0,0,0,0.2820067687130931,0,0,0,0,1,fear,0,0,1,0,0,0,1,0
2021-07-17,2,0.005299999999999971,0.5,0.5,0,0,1,0,1,0.9668,0,0,0,0,1,fear,0,1,1,0,1,0,0,1
2021-07-18,3,-0.1998,0.3333333333333333,0.0,0,0,1,0,1,0.2825598697621444,0,0,0,0,1,fear,0,1,0,0,1,0,0,0
2021-07-21,3,0.6094666666666667,0.0,1.0,0,1,1,1,0,0.09761370577718866,0,0,0,0,1,fear,0,1,1,1,0,1,0,0
2021-07-22,3,0.8244333333333334,0.0,1.0,0,1,1,1,0,0.07210281239699018,0,0,0,0,1,fear,0,1,0,1,0,0,0,0
2021-07-24,2,0.4471,0.0,0.5,0,1,1,0,1,0.4471,0,0,0,0,1,fear,0,1,1,0,0,0,0,0
2021-07-26,2,0.88165,0.0,1.0,0,1,1,1,0,0.06905,0,0,0,0,1,fear,0,0,0,1,0,1,0,0
2021-07-27,3,0.29773333333333335,0.0,0.3333333333333333,0,0,1,0,1,0.3046687417872438,0,0,0,0,1,fear,0,1,0,1,0,0,0,1
2021-07-28,7,0.11074285714285713,0.2857142857142857,0.2857142857142857,0,0,0,0,0,0.4881696744170086,0,0,0,0,1,fear,0,1,1,1,1,1,1,1
2021-07-29,2,0.009450000000000014,0.5,0.5,0,0,0,0,0,0.43095,0,0,0,0,1,fear,0,0,0,1,0,0,0,0
2021-07-31,2,0.35465,0.0,0.5,0,1,1,1,0,0.64155,0,0,1,0,0,sadness,0,1,1,1,0,0,0,1
2021-08-01,4,0.19265,0.0,0.25,0,0,0,0,0,0.39520377338785617,1,0,0,0,1,fear,0,1,0,1,1,1,1,1
2021-08-02,4,0.210575,0.0,0.5,0,0,0,0,0,0.2110144826190847,0,0,0,0,1,fear,0,1,0,1,0,0,0,0
2021-08-03,4,0.41647500000000004,0.0,0.75,0,1,1,1,0,0.2563055732421751,0,0,0,0,1,fear,0,1,0,1,1,0,1,0
2021-08-04,6,0.2537333333333333,0.16666666666666666,0.5,0,0,0,0,0,0.6361349900418586,0,0,0,0,1,fear,0,1,1,1,1,1,0,1
2021-08-05,2,0.21945,0.0,0.5,0,0,0,0,0,0.21945,0,0,0,0,1,fear,0,1,0,0,1,0,0,0
2021-08-06,2,0.252,0.0,0.5,0,0,0,0,0,0.252,0,0,0,0,1,fear,0,1,1,0,1,0,0,0
2021-08-07,3,0.2666,0.0,0.3333333333333333,0,0,0,0,0,0.2533508239576102,0,0,0,0,1,fear,0,1,0,0,1,0,0,1
2021-08-08,2,0.39245,0.0,0.5,0,1,0,0,0,0.39245,0,0,0,0,1,fear,0,1,0,1,0,0,1,0
2021-08-09,9,0.5530666666666666,0.0,0.7777777777777778,0,1,0,0,0,0.3563842900889743,0,0,0,0,1,fear,0,1,0,1,1,1,1,1
2021-08-10,5,0.31372,0.0,0.4,0,1,1,0,1,0.48560673553813066,0,0,0,0,1,fear,0,1,0,1,1,0,0,1
2021-08-11,6,0.57125,0.0,0.8333333333333334,0,1,1,1,0,0.298991280530609,0,0,0,0,1,fear,0,1,1,1,1,1,1,1
2021-08-12,2,0.19695,0.0,0.5,0,0,1,0,1,0.19695,0,0,0,0,1,fear,0,1,0,0,1,0,1,0
2021-08-13,1,0.5023,0.0,1.0,0,1,1,1,0,0.0,0,0,0,0,1,fear,0,1,0,1,0,0,0,0
2021-08-14,6,0.18081666666666665,0.16666666666666666,0.3333333333333333,0,0,1,0,1,0.41063087404897136,0,0,0,0,1,fear,0,1,0,1,1,0,1,0
2021-08-15,5,0.12072000000000001,0.2,0.2,0,0,0,0,0,0.3965782162449168,0,0,0,0,1,fear,0,1,1,1,1,1,0,0
2021-08-16,1,0.3182,0.0,1.0,0,1,0,0,0,0.0,0,0,0,0,1,fear,0,1,0,1,0,0,0,0
2021-08-17,5,0.377,0.2,0.8,0,1,0,0,0,0.4185243123165009,0,0,0,0,1,fear,0,1,1,1,0,1,1,0
2021-08-18,7,0.41787142857142856,0.0,0.5714285714285714,0,1,0,0,0,0.3994399640721484,0,0,0,0,1,fear,0,1,1,1,1,1,0,1
2021-08-19,4,-0.0129,0.0,0.0,0,0,1,0,1,0.022343455417638516,0,0,0,0,1,fear,0,1,1,1,1,1,0,0
2021-08-20,3,0.14303333333333332,0.0,0.0,0,0,0,0,0,0.12104545519028057,0,0,0,0,1,fear,0,1,0,1,1,1,0,0
2021-08-21,4,0.46855,0.25,0.75,0,1,1,1,0,0.5060796009522613,0,1,0,0,0,anger,0,1,0,1,1,1,1,0
2021-08-22,5,0.29244000000000003,0.0,0.4,0,0,0,0,0,0.4723186449845062,0,0,0,0,1,fear,0,1,0,1,1,0,0,1
2021-08-23,3,0.0,0.0,0.0,0,0,1,0,1,0.0,0,0,0,0,1,fear,0,1,0,1,1,0,0,0
2021-08-24,2,0.30845,0.0,0.5,0,1,1,1,0,0.60445,0,0,0,0,1,fear,0,1,0,1,0,1,0,0
2021-08-25,5,0.60748,0.0,0.8,0,1,1,1,0,0.3248923908004003,0,0,0,0,1,fear,0,1,1,1,1,1,0,1
2021-08-26,1,0.0,0.0,0.0,0,0,1,0,1,0.0,0,0,0,0,1,fear,0,1,0,0,1,0,0,0
2021-08-27,2,-0.7577,1.0,0.0,1,0,1,0,1,0.1718,0,0,0,0,1,fear,0,1,0,1,1,0,1,0
2021-08-28,4,0.005050000000000013,0.5,0.5,0,0,1,1,0,0.6967318799222553,0,0,0,0,1,fear,0,1,0,1,0,0,0,0
2021-08-29,4,0.0,0.0,0.0,0,0,0,0,0,0.0,0,0,0,0,1,fear,0,1,0,1,1,1,0,0
2021-08-30,4,0.045625,0.5,0.5,0,0,0,0,0,0.4793296849507654,0,0,0,0,1,fear,0,1,0,1,0,0,0,1
2021-08-31,1,-0.4019,1.0,0.0,1,0,1,0,1,0.0,0,0,0,0,1,fear,0,1,0,0,0,1,0,0
2021-09-01,3,0.5591,0.0,1.0,0,1,1,1,0,0.03979556089146962,0,0,0,0,1,fear,0,1,1,1,1,1,0,1
2021-09-02,4,-0.3524,0.25,0.0,1,0,1,0,1,0.09768766554688466,0,0,0,0,1,fear,0,1,0,0,1,0,0,0
2021-09-03,2,0.0,0.0,0.0,0,0,1,1,0,0.0,0,0,0,0,1,fear,0,1,0,1,1,0,1,0
2021-09-04,3,0.06586666666666667,0.3333333333333333,0.3333333333333333,0,0,0,0,0,0.5719773033570088,0,0,0,0,1,fear,0,1,0,1,1,0,0,0
2021-09-05,2,0.36915,0.0,0.5,0,1,1,1,0,0.36915,0,0,0,0,1,fear,0,1,0,0,1,0,0,1
2021-09-06,4,0.49912500000000004,0.0,0.75,0,1,0,0,0,0.3623477292256707,1,0,0,0,1,fear,0,1,0,1,0,0,0,1
2021-09-07,6,0.5404333333333333,0.0,0.8333333333333334,0,1,0,0,0,0.2826486491899243,0,0,0,0,1,fear,0,1,0,1,0,0,0,1
2021-09-08,5,0.43064,0.0,0.8,0,1,0,0,0,0.3305487715905173,0,0,0,0,1,fear,0,1,1,1,1,1,1,0
2021-09-09,2,-0.44855,0.5,0.0,1,0,1,0,1,0.44855,0,0,0,0,1,fear,0,1,0,1,1,0,0,0
2021-09-10,1,0.9216,0.0,1.0,0,1,1,1,0,0.0,0,0,0,0,1,fear,0,1,0,0,0,0,0,1
2021-09-11,2,0.16759999999999997,0.5,0.5,0,0,1,0,1,0.725,0,0,0,0,1,fear,0,0,0,1,0,1,1,1
2021-09-12,1,0.9891,0.0,1.0,0,1,1,1,0,0.0,0,0,1,0,0,sadness,0,1,0,0,1,0,0,1
2021-09-13,3,-0.2527,0.6666666666666666,0.3333333333333333,0,0,1,0,1,0.87485933726514,1,1,1,0,1,fear,1,1,1,0,1,1,0,1
2021-09-15,2,0.6526000000000001,0.0,1.0,0,1,1,1,0,0.11579999999999996,0,0,0,0,1,fear,0,1,1,1,1,1,0,0
2021-09-16,1,0.8452,0.0,1.0,0,1,0,0,0,0.0,0,0,0,0,1,fear,0,0,0,1,0,0,0,1
2021-09-17,3,0.46586666666666665,0.0,0.6666666666666666,0,1,1,0,1,0.3696511628849857,0,0,0,0,1,fear,0,1,0,0,0,0,0,0
2021-09-18,4,-0.025349999999999998,0.5,0.25,0,0,1,0,1,0.5339769774999668,0,0,0,0,1,fear,0,1,0,1,1,1,1,1
2021-09-19,1,0.743,0.0,1.0,0,1,1,1,0,0.0,0,0,0,0,1,fear,0,1,0,0,0,0,0,0
2021-09-20,2,0.48295,0.0,0.5,0,1,1,0,1,0.48295,0,0,0,0,1,fear,0,1,0,0,1,0,0,0
2021-09-21,4,0.208275,0.0,0.25,0,0,1,0,1,0.36074288194640786,0,0,0,0,1,fear,0,1,0,1,0,1,0,0
2021-09-22,2,0.2398,0.0,0.5,0,0,0,0,0,0.29700000000000004,0,0,0,0,1,fear,0,1,1,1,1,1,0,0
2021-09-23,1,0.7319,0.0,1.0,0,1,1,1,0,0.0,0,0,0,0,1,fear,0,0,0,1,0,0,0,1
2021-09-26,2,0.92025,0.0,1.0,0,1,0,0,0,0.06684999999999997,0,0,0,0,1,fear,0,1,0,0,0,0,0,0
2021-09-27,4,0.40952500000000003,0.0,0.5,0,1,1,0,1,0.4135452053584952,0,0,0,0,1,fear,0,1,0,1,1,0,0,1
2021-09-28,1,0.8002,0.0,1.0,0,1,1,1,0,0.0,0,0,0,0,1,fear,0,1,0,1,1,0,0,1
2021-09-29,1,0.5368,0.0,1.0,0,1,1,0,1,0.0,0,0,0,0,1,fear,0,1,1,1,1,1,0,0
2021-09-30,2,0.79345,0.0,1.0,0,1,1,1,0,0.022150000000000003,0,0,0,0,1,fear,0,1,0,0,1,0,0,0
2021-10-01,1,0.7519,0.0,1.0,0,1,0,0,0,0.0,0,0,0,0,1,fear,0,0,0,1,0,0,0,0
2021-10-02,1,0.9971,0.0,1.0,0,1,1,1,0,0.0,0,0,0,0,1,fear,0,1,0,1,0,0,0,1
2021-10-03,2,0.0,0.0,0.0,0,0,1,0,1,0.0,0,0,0,0,1,fear,0,1,0,0,0,0,0,0
2021-10-04,3,0.21289999999999998,0.3333333333333333,0.6666666666666666,0,0,1,1,0,0.5228494493318958,0,0,0,0,1,fear,0,0,0,1,1,0,0,0
2021-10-05,1,-0.5994,1.0,0.0,1,0,1,0,1,0.0,0,0,0,0,1,fear,0,1,0,0,1,0,0,0
2021-10-06,2,-0.04404999999999998,0.5,0.5,0,0,1,1,0,0.5808500000000001,0,0,0,0,1,fear,0,1,1,1,1,1,1,0
2021-10-07,1,-0.6186,1.0,0.0,1,0,1,0,1,0.0,0,1,0,0,0,anger,0,1,0,0,1,1,0,0
2021-10-10,2,0.9586,0.0,1.0,0,1,1,1,0,0.037900000000000045,0,0,0,0,1,fear,0,0,0,1,0,0,0,1
2021-10-11,2,0.55345,0.0,0.5,0,1,1,0,1,0.41035,0,0,0,0,1,fear,0,1,0,0,1,1,1,0
2021-10-12,1,0.2824,0.0,0.0,0,0,1,0,1,0.0,0,0,0,0,1,fear,0,0,0,1,0,0,0,0
2021-10-13,2,0.7254,0.0,1.0,0,1,1,1,0,0.1886,0,0,0,0,1,fear,0,1,1,1,1,1,1,0
2021-10-14,3,-0.4567666666666667,0.6666666666666666,0.0,1,0,1,0,1,0.4671530964850341,0,0,0,0,1,fear,0,1,0,0,1,1,0,0
2021-10-16,1,0.9752,0.0,1.0,0,1,1,1,0,0.0,0,0,0,0,1,fear,0,1,0,0,0,1,0,1
2021-10-17,1,0.0,0.0,0.0,0,0,1,0,1,0.0,0,0,0,0,1,fear,0,1,0,0,1,0,0,0
2021-10-18,2,0.10314999999999999,0.0,0.5,0,0,0,0,0,0.39915,0,0,0,0,1,fear,0,1,0,0,1,0,0,0
2021-10-19,2,0.6978,0.0,1.0,0,1,1,1,0,0.2574,0,0,0,0,1,fear,0,1,0,0,0,0,0,0
2021-10-20,4,0.07525000000000001,0.0,0.25,0,0,1,0,1,0.29612721506136513,0,0,0,1,0,anxiety,0,1,1,1,1,1,0,1
2021-10-23,1,0.9911,0.0,1.0,0,1,1,1,0,0.0,0,0,0,0,1,fear,0,0,0,1,0,0,0,1
2021-10-24,3,0.37473333333333336,0.0,0.6666666666666666,0,1,1,0,1,0.3381031828040402,0,0,0,0,1,fear,0,0,1,1,0,0,0,0
2021-10-25,3,0.5052666666666666,0.0,0.6666666666666666,0,1,0,0,0,0.3879603444798049,0,0,0,0,1,fear,0,1,1,1,0,0,0,0
2021-10-27,2,0.2684,0.0,0.5,0,0,1,0,1,0.2684,0,0,0,0,1,fear,0,1,1,1,1,1,0,0
2021-10-28,1,0.8765,0.0,1.0,0,1,1,1,0,0.0,0,0,0,0,1,fear,0,0,0,0,0,0,0,1
2021-10-29,2,-0.2418,0.5,0.0,0,0,1,0,1,0.2418,0,0,0,0,1,fear,0,1,0,1,1,0,0,0
2021-10-30,1,0.3094,0.0,1.0,0,1,1,1,0,0.0,0,0,0,0,1,fear,0,1,1,1,0,0,0,0
2021-11-01,4,0.552475,0.0,0.75,0,1,1,1,0,0.34727152471085215,0,0,0,0,1,fear,0,1,1,1,1,1,1,1
2021-11-03,2,0.6903,0.0,1.0,0,1,0,0,0,0.15349999999999997,0,0,0,0,1,fear,0,1,1,1,1,1,0,1
2021-11-04,2,0.44945,0.0,0.5,0,1,1,0,1,0.24714999999999998,0,0,0,0,1,fear,0,1,0,1,0,0,0,0
2021-11-05,1,0.2732,0.0,0.0,0,0,0,0,0,0.0,0,0,0,0,1,fear,0,1,0,1,0,0,0,0
2021-11-07,2,-0.09505,0.0,0.0,0,0,1,0,1,0.09505,0,0,0,0,1,fear,0,1,0,1,0,0,0,1
2021-11-08,1,0.8611,0.0,1.0,0,1,1,1,0,0.0,0,0,0,0,1,fear,0,0,0,1,0,0,0,1
2021-11-09,3,0.33803333333333335,0.3333333333333333,0.6666666666666666,0,1,1,0,1,0.612924880298466,0,0,0,0,1,fear,0,1,0,1,1,1,1,1
2021-11-10,3,0.4247666666666667,0.0,1.0,0,1,0,0,0,0.09017081321334282,0,0,0,0,1,fear,0,1,1,1,1,1,0,0
2021-11-11,1,0.4215,0.0,1.0,0,1,0,0,0,0.0,0,0,0,0,1,fear,0,0,0,0,0,0,0,0
2021-11-12,2,0.27954999999999997,0.0,0.5,0,0,0,0,0,0.24084999999999998,0,0,0,0,1,fear,0,1,1,0,0,0,0,0
2021-11-13,3,0.5233333333333333,0.0,0.6666666666666666,0,1,1,1,0,0.3352868854511843,1,0,0,0,1,fear,0,1,0,1,1,0,0,0
2021-11-15,1,-0.1804,0.0,0.0,0,0,1,0,1,0.0,1,0,0,0,1,fear,0,1,0,0,0,0,0,0
2021-11-16,1,0.2805,0.0,0.0,0,0,1,1,0,0.0,0,0,0,0,1,fear,0,1,0,1,0,0,0,1
2021-11-17,3,0.8009000000000001,0.0,1.0,0,1,1,1,0,0.1930141100196218,0,0,0,0,1,fear,0,1,1,1,1,1,0,1
2021-11-19,2,-0.21139999999999998,0.5,0.5,0,0,1,0,1,0.681,0,0,0,0,1,fear,0,1,0,1,1,1,1,1
2021-11-20,3,0.28709999999999997,0.0,0.3333333333333333,0,0,1,1,0,0.23635830145494502,0,0,0,0,1,fear,0,1,0,0,0,1,0,0
2021-11-21,2,0.57955,0.0,1.0,0,1,1,1,0,0.17765000000000003,0,0,0,0,1,fear,0,1,0,1,0,0,0,1
2021-11-22,1,-0.1506,0.0,0.0,0,0,1,0,1,0.0,0,0,0,0,1,fear,0,1,0,0,0,0,0,0
2021-11-23,2,0.5747,0.0,1.0,0,1,1,1,0,0.04800000000000004,0,0,0,0,1,fear,0,1,0,1,0,0,0,1
2021-11-25,1,0.6416,0.0,1.0,0,1,0,0,0,0.0,0,0,0,0,1,fear,0,0,0,1,0,0,0,0
2021-11-26,4,0.2131,0.25,0.5,0,0,1,0,1,0.712353588465728,0,0,0,0,1,fear,0,1,0,1,1,0,1,1
2021-11-27,4,0.29969999999999997,0.25,0.5,0,0,0,0,0,0.5370198180700596,0,0,0,0,1,fear,0,1,1,1,1,0,0,0
2021-11-28,2,-0.38634999999999997,0.5,0.0,1,0,1,0,1,0.09035000000000001,0,0,0,0,1,fear,0,1,1,1,0,0,0,0
2021-11-29,2,-0.030299999999999994,0.5,0.5,0,0,1,1,0,0.7512,0,0,0,0,1,fear,0,1,1,1,0,0,0,0
2021-12-01,2,0.46935000000000004,0.0,1.0,0,1,1,1,0,0.06745000000000004,0,0,0,0,1,fear,0,1,1,1,1,1,0,0
2021-12-03,2,0.28345,0.0,0.5,0,0,0,0,0,0.28345,0,0,0,0,1,fear,0,1,0,1,0,0,0,0
2021-12-05,3,0.7154666666666666,0.0,1.0,0,1,1,1,0,0.20105402811737502,0,1,1,1,0,anger,1,1,0,0,1,1,1,1
2021-12-06,1,0.0,0.0,0.0,0,0,1,0,1,0.0,0,0,0,0,1,fear,0,0,0,1,0,0,0,0
2021-12-08,4,0.38255,0.0,0.75,0,1,1,1,0,0.24130815879285972,0,0,0,0,1,fear,0,1,1,1,1,1,0,0
2021-12-09,2,0.24705,0.5,0.5,0,0,0,0,0,0.70585,0,0,0,0,1,fear,0,1,0,1,0,0,0,1
2021-12-12,4,-0.044300000000000006,0.25,0.25,0,0,1,0,1,0.29540462927990824,1,0,0,0,1,fear,0,1,0,1,0,0,0,0
2021-12-13,2,0.4934,0.0,0.5,0,1,1,1,0,0.4934,0,0,0,0,1,fear,0,1,1,0,0,1,0,1
2021-12-14,1,0.0734,0.0,0.0,0,0,1,0,1,0.0,0,0,0,0,1,fear,0,1,0,0,0,0,0,0
2021-12-15,3,0.03836666666666666,0.3333333333333333,0.6666666666666666,0,0,0,0,0,0.6998767240656664,0,0,0,0,1,fear,0,1,1,1,1,1,0,1
2021-12-16,1,0.4865,0.0,1.0,0,1,1,1,0,0.0,0,0,0,0,1,fear,0,1,0,1,0,0,1,0
2021-12-17,1,-0.5873,1.0,0.0,1,0,1,0,1,0.0,0,0,0,0,1,fear,0,1,0,0,0,0,0,0
2021-12-20,2,0.5433,0.0,1.0,0,1,1,1,0,0.11039999999999997,0,0,0,0,1,fear,0,1,0,1,0,0,0,1
2021-12-21,2,0.17629999999999998,0.0,0.5,0,0,1,0,1,0.47229999999999994,0,0,0,0,1,fear,0,0,0,1,0,0,0,1
2021-12-22,2,0.43185000000000007,0.0,1.0,0,1,1,1,0,0.10495000000000002,0,0,0,0,1,fear,0,1,1,1,1,1,0,0
2021-12-23,1,-0.9924,1.0,0.0,1,0,1,0,1,0.0,1,0,0,1,1,fear,1,1,1,0,1,1,0,1
2021-12-24,2,-0.3083,0.5,0.0,1,0,1,1,0,0.2911,0,0,0,0,1,fear,0,1,0,1,1,0,0,0
2021-12-26,3,0.2254333333333333,0.3333333333333333,0.3333333333333333,0,0,1,1,0,0.5487127015924534,0,0,0,0,1,fear,0,1,0,0,0,1,0,0
2021-12-27,3,0.36366666666666664,0.3333333333333333,0.6666666666666666,0,1,0,0,0,0.6813609240988867,0,0,0,0,1,fear,0,1,0,1,1,0,1,0
2021-12-28,2,0.4019,0.0,1.0,0,1,0,0,0,0.0,0,0,0,0,1,fear,0,0,0,1,0,0,0,0
2021-12-29,7,0.6593142857142856,0.0,1.0,0,1,1,1,0,0.2053782463690657,0,0,0,0,1,fear,0,1,1,1,1,1,1,1
