premise,conclusion,support,support_pct,confidence,lift,leverage,cross_domain,conviction,obviousness_penalty,stat_strength,temporal_validity,composite_score,rule_id,novelty_score,policy_score,llm_reasoning,llm_policy_recommendation,llm_rank,lead_time_days,llm_composite
"health_concern, calm_mobile_baseline",grocery_spike,137,20.417287630402384,77.37226277372264,1.8152723189219544,0.0709486697124428,True,2.5356953992596525,0.2,0.17516636556837203,0.5,0.3750665462273488,2,8,7,"This rule relates to Phase 3, where health concerns were still prevalent despite mobility returning to baseline. The direction is non-obvious as one might expect grocery spikes to occur independently of health concerns, indicating a complex relationship. The expected lead time is unclear but suggests that health concerns can drive consumer behavior.","The NCEMA should monitor health_concern levels closely. If health_concern is high while mobility is stable, consider targeted public health campaigns to address lingering fears.",1,,7.5
"grocery_spike, high_positive_sentiment",calm_mobile_baseline,103,15.350223546944855,85.43689320388349,2.155193809767136,0.0702956860881172,True,4.144560357675111,0.0,0.3762952626508306,0.5,0.4755181050603322,1,7,6,"This rule indicates that high positive sentiment and grocery spikes can lead to a calm mobile baseline, which is notable during Phase 3 when optimism was rising. The direction is not immediately obvious as one might expect mobility to fluctuate with sentiment rather than stabilize. The expected lead time is immediate, as sentiment can influence mobility decisions.","The WAM should utilize this insight to promote positive sentiment campaigns during periods of grocery spikes. If both grocery_spike and high_positive_sentiment are detected, consider reinforcing messaging around safety and community support.",2,,6.5
"grocery_spike, vaccine_mentioned",calm_mobile_baseline,176,26.229508196721312,79.54545454545455,2.006578947368421,0.1046639466419095,True,2.9508196721311473,0.0,0.3933972367955594,0.5,0.4823588947182238,0,6,6,"This rule connects grocery spikes with vaccine mentions leading to a calm mobile baseline, relevant during Phase 3 when vaccination efforts were ramping up. The direction is interesting as one might expect vaccine discussions to correlate with increased mobility rather than calmness. The expected lead time is immediate, as vaccine discussions can influence consumer behavior.","DHA should leverage this relationship by promoting vaccine information during grocery spikes. If grocery_spike and vaccine_mentioned are both present, initiate community outreach to reinforce vaccination benefits.",3,,6.0
"high_positive_sentiment, sentiment_shift_detected",sentiment_improved,179,26.67660208643815,82.68156424581005,2.746501465789037,0.1402582172658643,False,4.035911735012737,0.2,0.7327798482714576,0.0,0.273111939308583,5,5,6,"This rule suggests that high positive sentiment and sentiment shift detection lead to sentiment improvement, relevant during the transition to Phase 3. The direction is somewhat expected but highlights the importance of monitoring sentiment shifts. The expected lead time is same-day, as shifts can occur rapidly.","The NCEMA should track sentiment shifts closely. If high_positive_sentiment and sentiment_shift_detected occur simultaneously, consider deploying communication strategies to maintain positive public sentiment.",4,,5.5
"grocery_spike, sentiment_improved",high_positive_sentiment,82,12.220566318926975,75.60975609756098,1.9664397806768763,0.0454112353161973,True,2.5235469448584205,0.0,0.052487539587218426,0.5,0.34599501583488734,4,4,5,"This rule indicates that grocery spikes and sentiment improvement lead to high positive sentiment, which is plausible during Phase 3. The direction is expected, but it emphasizes the relationship between consumer behavior and sentiment. The expected lead time is same-day.","The WAM should monitor grocery spikes and sentiment improvement closely. If both are detected, consider reinforcing positive messaging around community resilience and support.",5,,4.5
"residential_increase, sentiment_improved",high_positive_sentiment,92,13.710879284649776,75.0,1.9505813953488371,0.050113161617889,True,2.461997019374069,0.0,0.05987733322468761,0.5,0.34895093328987503,3,3,4,"This rule shows that residential increase and sentiment improvement lead to high positive sentiment, which is somewhat expected during the pandemic. The direction is not surprising, as residential increases often correlate with positive sentiment. The expected lead time is same-day.","The NCEMA should monitor residential increases alongside sentiment improvements. If both are observed, consider promoting community engagement initiatives to sustain positive sentiment.",6,,3.5
"sentiment_improved, solidarity_messages",high_positive_sentiment,114,16.98956780923994,78.94736842105263,2.053243574051407,0.0688031520896586,False,2.923621460506707,0.2,0.2340076788529047,0.0,0.07360307154116187,8,3,3,"This rule indicates that sentiment improvement and solidarity messages lead to high positive sentiment, which is expected during times of community support. The direction is not surprising, as solidarity often correlates with positive sentiment. The expected lead time is same-day.","The WAM should encourage solidarity messaging during periods of sentiment improvement. If both solidarity_messages and sentiment_improved are detected, consider amplifying community support initiatives.",7,,3.0
calm_mobile_baseline,grocery_spike,266,39.642324888226526,83.83458646616542,1.966888374783112,0.1633725049473504,False,3.549370949294701,0.4,0.7131879917142367,0.0,0.24527519668569472,6,2,2,"This rule shows that a calm mobile baseline leads to grocery spikes, which is a tautological relationship. The direction is expected, as calmness can lead to increased consumer activity. The expected lead time is same-day.","The NCEMA should monitor calm mobile baselines as indicators of potential grocery spikes. If calm_mobile_baseline is detected, prepare for increased consumer activity in grocery sectors.",8,,2.0
"grocery_spike, weekend",calm_mobile_baseline,82,12.220566318926975,87.8048780487805,2.214927562809463,0.0588573674987395,False,4.9493293591654295,0.2,0.38578932245934067,0.0,0.13431572898373628,7,1,1,"This rule indicates that grocery spikes on weekends lead to a calm mobile baseline, which is a predictable outcome. The direction is obvious, as weekends typically see increased grocery activity. The expected lead time is same-day.","The WAM should anticipate calm mobile baselines during weekends with grocery spikes. If grocery_spike and weekend are detected, prepare for increased consumer activity.",9,,1.0
