Date,mobility_drop_retail,mobility_drop_transit,mobility_drop_workplace,residential_increase,grocery_spike,severe_lockdown_behavior,partial_restrictions,high_negative_sentiment,high_positive_sentiment,sentiment_shift_detected,sentiment_improved,sentiment_worsened,fear_keywords_present,anger_mentioned,sadness_keywords_present,anxiety_keywords_present,dominant_emotion_fear,mixed_emotions,covid_topic_detected,lockdown_mentioned,vaccine_mentioned,health_concern,compliance_discussed,policy_governance_discussion,solidarity_messages,weekend,emotion_with_mobility_signal,emotion_mobility_mismatch,calm_mobile_baseline
2020-02-24/2020-03-01,0,0,0,0,0,0,0,1,0,0,0,0,0,0,0,0,1,0,1,1,1,1,1,1,1,1,0,1,0
2020-03-02/2020-03-08,0,0,0,0,0,0,0,0,0,0,0,0,0,0,0,0,1,0,1,0,0,1,0,0,0,0,0,0,1
2020-03-09/2020-03-15,0,0,0,0,0,0,0,0,0,0,0,0,0,0,0,0,1,0,1,0,0,1,0,0,0,0,0,0,1
2020-03-16/2020-03-22,0,1,0,1,0,0,1,0,0,1,0,0,0,0,0,0,1,0,1,0,0,1,1,1,0,0,0,0,0
2020-03-23/2020-03-29,1,1,1,1,0,1,0,0,0,1,0,0,0,0,0,0,1,0,1,1,0,1,1,1,1,0,0,0,0
2020-03-30/2020-04-05,1,1,1,1,0,1,0,0,0,1,0,0,0,0,0,0,1,0,1,1,0,1,1,0,1,0,0,0,0
2020-04-06/2020-04-12,1,1,1,1,0,1,0,0,0,1,0,0,0,0,0,0,1,0,1,1,0,1,0,0,1,0,0,0,0
2020-04-13/2020-04-19,1,1,1,1,0,1,0,0,0,0,0,0,0,0,0,0,1,0,1,1,0,1,0,1,1,0,0,0,0
2020-04-20/2020-04-26,1,1,1,1,0,1,0,0,0,1,0,0,0,0,0,0,1,0,1,1,0,1,1,1,1,0,0,0,0
2020-04-27/2020-05-03,1,1,1,1,0,1,0,0,0,1,0,0,0,0,0,0,1,0,1,1,0,1,0,0,0,0,0,0,0
2020-05-04/2020-05-10,1,1,1,1,0,1,0,0,0,1,1,0,0,0,0,0,1,0,1,1,0,1,0,1,1,0,0,0,0
2020-05-11/2020-05-17,1,1,1,1,0,1,0,0,0,0,0,0,0,0,0,0,1,0,1,0,0,1,0,0,1,0,0,0,0
2020-05-18/2020-05-24,1,1,1,1,0,1,0,0,0,0,0,0,0,0,0,0,1,0,1,0,0,1,0,0,1,0,0,0,0
2020-05-25/2020-05-31,1,1,1,1,0,1,0,0,1,0,0,0,0,0,0,0,1,0,1,1,0,1,1,0,1,0,0,0,0
2020-06-01/2020-06-07,1,1,1,1,0,1,0,0,1,1,1,0,0,0,0,0,1,0,1,1,0,0,1,0,1,0,0,0,0
2020-06-08/2020-06-14,1,1,1,1,0,1,0,0,0,1,0,0,0,0,0,0,1,0,1,1,0,1,1,0,1,0,0,0,0
2020-06-15/2020-06-21,1,1,1,1,0,1,0,0,0,1,0,0,0,0,0,0,1,0,1,0,0,0,0,0,0,0,0,0,0
2020-06-22/2020-06-28,1,1,0,1,0,0,1,0,0,1,0,0,0,0,0,0,1,0,1,1,0,1,0,0,0,0,0,0,0
2020-06-29/2020-07-05,1,1,0,1,0,0,1,0,0,1,0,0,0,0,0,0,1,0,1,1,0,1,0,0,0,0,0,0,0
2020-07-06/2020-07-12,1,1,0,1,0,0,1,0,1,1,0,0,0,0,0,0,1,0,1,0,0,0,0,0,1,0,0,0,0
2020-07-13/2020-07-19,1,1,0,1,0,0,1,0,0,0,0,0,0,0,0,0,1,0,1,0,0,1,1,0,1,0,0,0,0
2020-07-20/2020-07-26,1,1,0,1,0,0,1,0,1,1,0,1,0,0,0,0,1,0,1,0,0,0,0,0,0,0,0,0,0
2020-07-27/2020-08-02,0,1,0,1,0,0,1,0,1,1,0,0,0,0,0,0,1,0,1,0,0,0,0,0,1,0,1,0,0
2020-08-03/2020-08-09,0,1,0,1,0,0,1,0,0,0,0,0,0,0,0,0,0,0,1,0,0,0,0,0,0,0,0,0,0
2020-08-10/2020-08-16,0,1,0,1,0,0,1,0,1,1,0,0,0,0,0,0,1,0,1,0,0,1,0,0,1,0,0,0,0
2020-08-17/2020-08-23,0,1,0,1,0,0,1,0,1,1,0,0,0,0,0,0,1,0,1,0,0,1,0,0,1,0,0,0,0
2020-08-24/2020-08-30,0,1,0,1,0,0,1,0,0,1,0,0,0,0,0,0,1,0,1,0,0,0,0,0,0,0,0,0,0
2020-08-31/2020-09-06,0,1,0,1,0,0,1,0,0,1,0,0,0,0,0,0,1,0,1,0,0,0,0,0,0,0,0,0,0
2020-09-07/2020-09-13,0,1,0,1,0,0,1,0,1,0,0,0,0,0,0,0,1,0,1,0,0,1,1,0,1,0,0,0,0
2020-09-14/2020-09-20,0,1,0,1,0,0,1,0,0,1,0,0,0,0,0,0,1,0,1,0,1,1,1,0,1,0,0,0,0
2020-09-21/2020-09-27,1,1,0,1,0,0,1,0,1,1,0,0,0,0,0,0,1,0,1,0,0,1,0,0,1,0,0,0,0
2020-09-28/2020-10-04,0,1,0,1,0,0,1,0,0,1,0,0,0,0,0,0,1,0,1,0,0,1,1,0,1,0,0,0,0
2020-10-05/2020-10-11,0,1,0,1,0,0,1,0,1,1,0,0,0,0,0,0,1,0,1,0,0,0,0,0,1,0,0,0,0
2020-10-12/2020-10-18,0,1,0,1,0,0,1,0,0,1,0,0,0,0,0,0,1,0,1,0,0,1,0,0,0,0,0,0,0
2020-10-19/2020-10-25,0,1,0,1,0,0,1,0,0,1,1,0,0,0,0,0,1,0,1,0,0,1,0,0,0,0,0,0,0
2020-10-26/2020-11-01,0,1,0,0,0,0,1,0,1,1,0,0,0,0,0,0,1,0,1,0,0,1,0,0,0,0,0,0,0
2020-11-02/2020-11-08,0,1,0,1,0,0,1,0,0,0,0,0,0,0,0,0,1,0,1,0,0,1,0,0,0,0,0,0,0
2020-11-09/2020-11-15,0,1,0,1,0,0,1,0,1,1,0,0,0,0,0,0,1,0,1,0,0,0,0,0,1,0,0,0,0
2020-11-16/2020-11-22,0,1,0,1,0,0,1,0,1,1,0,0,0,0,0,0,1,0,1,0,0,0,1,0,0,0,0,0,0
2020-11-23/2020-11-29,0,1,0,1,0,0,1,0,1,1,0,0,0,0,0,0,1,0,1,0,0,0,0,0,0,0,0,0,0
2020-11-30/2020-12-06,0,1,0,0,0,0,1,0,0,0,0,0,0,0,0,0,1,0,0,0,0,0,0,0,0,0,0,0,0
2020-12-07/2020-12-13,0,1,0,0,0,0,1,0,0,1,0,0,0,0,0,0,1,0,1,0,1,1,0,0,0,0,0,0,0
2020-12-14/2020-12-20,0,1,0,0,0,0,1,0,1,1,0,0,0,0,0,0,1,0,1,0,0,0,0,0,0,0,0,0,0
2020-12-21/2020-12-27,0,0,0,0,0,0,0,0,1,1,0,0,0,0,0,0,1,0,1,0,1,1,0,0,0,0,0,0,1
2020-12-28/2021-01-03,0,1,0,0,0,0,1,0,0,1,0,0,0,0,0,0,1,0,1,0,1,1,0,0,0,0,0,0,0
2021-01-04/2021-01-10,0,1,0,0,0,0,1,0,1,0,0,0,0,0,0,0,1,0,1,0,1,1,0,0,1,0,0,0,0
2021-01-11/2021-01-17,0,1,0,0,0,0,1,0,0,0,0,0,0,0,0,0,1,0,1,0,1,1,0,1,1,0,0,0,0
2021-01-18/2021-01-24,0,1,0,0,0,0,1,0,1,0,0,0,0,0,0,0,1,0,1,0,1,1,0,0,1,0,0,0,0
2021-01-25/2021-01-31,0,1,0,1,0,0,1,0,0,1,0,0,0,0,0,0,1,0,1,0,1,1,0,1,1,0,0,0,0
2021-02-01/2021-02-07,0,1,0,0,0,0,1,0,1,1,0,0,0,0,0,0,1,0,1,1,1,1,0,0,0,0,0,0,0
2021-02-08/2021-02-14,0,1,0,0,0,0,1,0,0,0,0,0,0,0,0,0,1,0,1,1,1,1,1,0,0,0,0,0,0
2021-02-15/2021-02-21,0,1,0,0,0,0,1,0,0,0,0,0,0,0,0,0,1,0,1,0,1,1,0,0,0,0,0,0,0
2021-02-22/2021-02-28,0,1,0,0,0,0,1,0,1,0,0,0,0,0,0,0,1,0,1,0,1,1,0,0,1,0,0,0,0
2021-03-01/2021-03-07,0,0,0,0,1,0,0,0,0,1,0,0,0,0,0,0,1,0,1,0,1,1,0,0,0,0,0,0,1
2021-03-08/2021-03-14,0,0,0,0,0,0,0,0,0,1,0,0,0,0,0,0,1,0,1,0,1,1,0,0,0,0,0,0,1
2021-03-15/2021-03-21,0,0,0,0,0,0,0,0,0,1,0,0,0,0,0,0,1,0,1,0,1,1,0,0,0,0,0,0,1
2021-03-22/2021-03-28,0,0,0,0,0,0,0,0,0,1,0,0,0,0,0,0,1,0,1,0,1,1,0,1,0,0,0,0,1
2021-03-29/2021-04-04,0,0,0,0,1,0,0,0,0,1,0,0,0,0,0,0,1,0,1,0,1,0,0,1,1,0,0,0,1
2021-04-05/2021-04-11,0,0,0,0,1,0,0,0,0,0,0,0,0,0,0,0,1,0,1,0,1,0,0,1,0,0,0,0,1
2021-04-12/2021-04-18,0,0,0,1,1,0,0,0,0,1,0,0,0,0,0,0,1,0,1,0,1,1,1,1,0,0,0,0,1
2021-04-19/2021-04-25,0,0,0,1,1,0,0,0,0,0,0,0,0,0,0,0,1,0,1,0,1,1,0,0,0,0,0,0,1
2021-04-26/2021-05-02,0,0,0,1,1,0,0,0,1,1,0,0,0,0,0,0,1,0,1,0,0,0,0,0,1,0,0,0,1
2021-05-03/2021-05-09,0,0,0,1,1,0,0,0,0,1,0,0,0,0,0,0,1,0,1,0,1,1,0,0,0,0,0,0,1
2021-05-10/2021-05-16,0,1,1,1,1,0,1,0,0,0,0,0,0,0,0,0,1,0,1,0,1,1,0,0,0,0,0,0,0
2021-05-17/2021-05-23,0,0,0,0,1,0,0,0,0,0,0,0,0,0,0,0,1,0,1,0,1,0,0,0,1,0,0,0,1
2021-05-24/2021-05-30,0,0,0,0,1,0,0,0,1,1,0,0,0,0,0,0,1,0,1,0,1,0,0,0,0,0,0,0,1
2021-05-31/2021-06-06,0,0,0,0,1,0,0,0,0,0,0,0,0,0,0,0,1,0,1,0,1,1,0,0,0,0,0,0,1
2021-06-07/2021-06-13,0,0,0,0,1,0,0,0,1,1,0,0,0,0,0,0,1,0,1,0,1,1,0,0,0,0,0,0,1
2021-06-14/2021-06-20,0,0,0,0,1,0,0,0,0,1,0,1,0,0,0,0,1,0,1,1,1,1,0,0,0,0,0,0,1
2021-06-21/2021-06-27,0,0,0,0,1,0,0,0,0,1,1,0,0,0,0,0,1,0,1,0,1,1,0,0,0,0,0,0,1
2021-06-28/2021-07-04,0,0,0,0,1,0,0,0,0,1,0,0,0,0,0,0,1,0,1,0,1,0,0,0,0,0,0,0,1
2021-07-05/2021-07-11,0,0,0,0,1,0,0,0,0,1,0,0,0,0,0,0,1,0,1,0,1,1,0,0,1,0,0,0,1
2021-07-12/2021-07-18,0,0,0,0,1,0,0,0,0,0,0,0,0,0,0,0,1,0,1,0,0,1,0,0,1,0,0,0,1
2021-07-19/2021-07-25,0,1,1,1,1,0,1,0,0,0,0,0,0,0,0,0,0,0,0,0,0,0,0,0,0,0,0,0,0
2021-07-26/2021-08-01,0,1,0,0,1,0,1,0,0,0,0,0,0,0,0,0,1,0,1,0,1,0,0,0,1,0,0,0,0
2021-08-02/2021-08-08,0,0,0,0,1,0,0,0,0,0,0,0,0,0,0,0,1,0,1,0,1,1,0,0,0,0,0,0,1
2021-08-09/2021-08-15,0,0,0,0,1,0,0,0,1,1,0,0,0,0,0,0,1,0,1,0,1,1,0,1,0,0,0,0,1
2021-08-16/2021-08-22,0,0,0,0,1,0,0,0,1,0,0,0,0,0,0,0,1,0,1,0,1,1,1,0,0,0,0,0,1
2021-08-23/2021-08-29,0,0,0,0,1,0,0,0,0,1,0,0,0,0,0,0,1,0,1,0,1,1,0,0,0,0,0,0,1
2021-08-30/2021-09-05,0,0,0,0,1,0,0,0,0,1,0,0,0,0,0,0,1,0,1,0,1,1,0,0,0,0,0,0,1
2021-09-06/2021-09-12,0,0,0,0,1,0,0,0,1,1,0,0,0,0,0,0,1,0,1,0,1,0,0,0,1,0,0,0,1
2021-09-13/2021-09-19,0,0,0,0,1,0,0,0,1,1,0,0,0,0,0,0,1,0,1,0,0,0,0,0,0,0,0,0,1
2021-09-20/2021-09-26,0,0,0,0,1,0,0,0,0,0,0,0,0,0,0,0,1,0,1,0,0,0,0,0,0,0,0,0,1
2021-09-27/2021-10-03,0,0,0,0,1,0,0,0,1,1,0,0,0,0,0,0,1,0,1,0,1,1,0,0,0,0,0,0,1
2021-10-04/2021-10-10,0,0,0,0,1,0,0,0,0,1,0,0,0,0,0,0,1,0,0,0,0,1,0,0,0,0,0,0,1
2021-10-11/2021-10-17,0,0,0,0,1,0,0,0,0,1,0,1,0,0,0,0,1,0,1,0,0,1,1,0,0,0,0,0,1
2021-10-18/2021-10-24,0,0,0,0,1,0,0,0,0,1,0,0,0,0,0,0,1,0,0,0,0,0,0,0,0,0,0,0,1
2021-10-25/2021-10-31,0,0,0,0,1,0,0,0,0,1,0,0,0,0,0,0,1,0,1,0,1,0,0,0,0,0,0,0,1
2021-11-01/2021-11-07,0,0,0,0,1,0,0,0,0,0,0,0,0,0,0,0,1,0,1,0,1,0,0,0,0,0,0,0,1
2021-11-08/2021-11-14,0,0,0,0,1,0,0,0,1,0,0,0,0,0,0,0,1,0,1,0,1,0,0,0,0,0,0,0,1
2021-11-15/2021-11-21,0,0,0,0,1,0,0,0,0,1,1,0,0,0,0,0,1,0,1,0,1,0,0,0,1,0,0,0,1
2021-11-22/2021-11-28,0,0,0,0,1,0,0,0,0,1,0,0,0,0,0,0,1,0,1,0,1,0,0,0,0,0,0,0,1
2021-11-29/2021-12-05,0,0,0,0,1,0,0,0,0,0,0,0,0,0,0,0,0,0,1,0,0,0,0,0,0,0,0,0,1
2021-12-06/2021-12-12,0,0,0,0,1,0,0,0,0,0,0,0,0,0,0,0,1,0,0,0,1,0,0,0,0,0,0,0,1
2021-12-13/2021-12-19,0,0,0,0,1,0,0,0,0,1,0,0,0,0,0,0,1,0,1,0,0,0,0,0,0,0,0,0,1
2021-12-20/2021-12-26,0,0,0,0,1,0,0,0,0,1,1,0,0,0,0,0,1,0,1,0,1,0,0,0,0,0,0,0,1
2021-12-27/2022-01-02,0,0,0,0,1,0,0,0,1,0,0,0,0,0,0,0,1,0,0,0,1,0,0,0,0,0,0,0,1
